-- phpMyAdmin SQL Dump
-- version 4.8.5
-- https://www.phpmyadmin.net/
--
-- Host: 127.0.0.1
-- Generation Time: Sep 18, 2019 at 08:34 AM
-- Server version: 10.1.38-MariaDB
-- PHP Version: 7.3.4

SET SQL_MODE = "NO_AUTO_VALUE_ON_ZERO";
SET AUTOCOMMIT = 0;
START TRANSACTION;
SET time_zone = "+00:00";


/*!40101 SET @OLD_CHARACTER_SET_CLIENT=@@CHARACTER_SET_CLIENT */;
/*!40101 SET @OLD_CHARACTER_SET_RESULTS=@@CHARACTER_SET_RESULTS */;
/*!40101 SET @OLD_COLLATION_CONNECTION=@@COLLATION_CONNECTION */;
/*!40101 SET NAMES utf8mb4 */;

--
-- Database: `hiring`
--

-- --------------------------------------------------------

--
-- Table structure for table `admin`
--

CREATE TABLE `admin` (
  `admin_id` int(11) NOT NULL,
  `admin_name` varchar(55) NOT NULL,
  `admin_email` varchar(55) NOT NULL,
  `admin_password` varchar(16) NOT NULL,
  `admin_pic` blob NOT NULL
) ENGINE=InnoDB DEFAULT CHARSET=latin1;

--
-- Dumping data for table `admin`
--

INSERT INTO `admin` (`admin_id`, `admin_name`, `admin_email`, `admin_password`, `admin_pic`) VALUES
(1, 'Sami', 'admin@gmail.com', '1234', 0xffd8ffe2021c4943435f50524f46494c450001010000020c6c636d73021000006d6e74725247422058595a2007dc00010019000300290039616373704150504c0000000000000000000000000000000000000000000000000000f6d6000100000000d32d6c636d7300000000000000000000000000000000000000000000000000000000000000000000000000000000000000000000000a64657363000000fc0000005e637072740000015c0000000b777470740000016800000014626b70740000017c000000147258595a00000190000000146758595a000001a4000000146258595a000001b80000001472545243000001cc0000004067545243000001cc0000004062545243000001cc0000004064657363000000000000000363320000000000000000000000000000000000000000000000000000000000000000000000000000000000000000000000000000000000000000000000000000000000000000000000000000000000000000000074657874000000004642000058595a20000000000000f6d6000100000000d32d58595a20000000000000031600000333000002a458595a200000000000006fa2000038f50000039058595a2000000000000062990000b785000018da58595a2000000000000024a000000f840000b6cf63757276000000000000001a000000cb01c903630592086b0bf6103f15511b3421f1299032183b92460551775ded6b707a0589b19a7cac69bf7dd3c3e930ffffffe000104a46494600010200000100010000ffdb004300080606070605080707070909080a0c140d0c0b0b0c1912130f141d1a1f1e1d1a1c1c20242e2720222c231c1c2837292c30313434341f27393d38323c2e333432ffdb0043010909090c0b0c180d0d1832211c213232323232323232323232323232323232323232323232323232323232323232323232323232323232323232323232323232ffc200110803c002d003012200021101031101ffc4001a000101010101010100000000000000000000010302040506ffc40017010101010100000000000000000000000000010203ffda000c03010002100310000001e22f2d2845859d40747288b79a25160b489658169144a1d445b000144a1148a005913bbcf448000e54ea11492d1cba1cdaa9425412d810b0aaea1129010a44e0d1cd2a516538a8128b21485416c458160003a1cf5c96800944a00b6f20b0a944ea0bcf473d2162a73da178e825e4b645a9429002d3975c804512ca27502cab14e54016001c4d06742dc3409458a2512c896c14002528102cb4148028801480b0875c8e9cd1651284a1168eb907472ea12a0000b792c01d1cba84b28b05e7ae4eb9016a3a8402cb11470eb919edc9cba952d59cba4bcad399d444a05979750a09680294e6a873d125800054a2c1282c1542a09d42a5202f36075cd002c4059d2a022d072751473d09642de690e88ea093a3975cd49d423a1bde6d9d482a500e5d413b1cceec71341c4d070ec70ec72ea9c3b1c4d2994d863371873e91e47a8795eb4795eae4c2fa1585d862d86176194de18b618b618dd464d464da193519b419cd466d299341935195d067355677b1cba470ee1cceed66d066ec4519528004000582d82a52a14a0100b10b60b79ab4004a004a00540580a45854a1289400944a11616582842914200008002a510a12a406604a578fd9e54aca1b30e2bd4e733d53086ec35838e17ddc71e54f6ede2f4187abe78f775e1c8fa38dc97dbd7cee0fa9978bdc4dbe7729f427cbf51ef7c92fd663b04a0a428000580001410580058004a094450092a1651028009144099b9e940004aa0b289623a4554aa2c8055845942aca1511651283c9eb12880a28969015059600580b292c148144b292c0045200b008b6c09605802009619289652a784f74f2e75eeebc5e93478ba3d57c7a9b5f1f47a9e7ccf675e1d63d37c792fd278a27b1e5e6bdaf0497e83e7facd6f987a59707a1e71e9987668cfcd5ed5129000202d80290000a258284b289410144b000012a02c000580266161e14f767d790f5bcd4f45f1e95b5c333d77146acbb3ae74f0d7b3ae7b8e3aeaae4dc9837183718dd4b9cd499b4561cfa6ae7d743869014824284b0a94059650816000128094402c501602c2cb1004a1296288b004cd05f26fe73d59df39bb9e4d6e6ad19f676e32374d4b86de237d6d8855b79e804050000b1516d80200512504a014094094942801228020045a82c5094022f294281000019a54cbc9eda4cbbc8ea5e471e853ae7835e35ecc36f3766b96e25956c21d4a0002ca8002802900a82ca0214a4a4511605850829000000a944084a100ab0058009d41000c815c709af8fd19926f49cf74c27a5534c87973f77476e474f017de589d4150500254ab2858a012ca012d1144581615cf41288a800160000a941291449600952aa5116160008a4099517cfcfa86587a3a4f3f3e82f89ef864f40f3cf4db3c9beb99275c2fcdfab35432d859654a00450002d80b058280a228950a944a44a128000b2c0b0052c004a24e848a88a258b79e89cba8010006560a83c5edcf53c6f5c5f367ee1f3baf6686597a9671e6f6d3c57d90cf6e7a3e57d5525010e84b1445c0daca2c02802ca0000a458024a02ac512880028020016004584a850102a2000458656512d278fd833e77e0f075ec2e53d5c9e1efd5d18bd1c26597a69873e9caa7a39d0f3e3eaa793d3d531eb7e632e77e175f2fab84efa82ca58b0582d828290a81601493a101528082acb0129621505421012aa58504512c1609142595975cd8b9f63c1ec9a186fc76678fa7e79f4af1d2af36aa580405a96979b254a02800144b2800a00a05858058000161502c153a20004a2001008a5808a259485480228132134324c7d5e1f6986b9534bc746be6f5716f9bdbe7f40544080bd228b22800000280150a04a00a944a1600005948a23a82c05127500128961045b3a8736c008a202c2c8a22c4c93a9565196be534e35f19befe4f41af9fbf357a35f27a574ca626faf97b9366236be22fb9e0e8f767d6276c783d99cd45c46ba7937278fd1e234fa1e5f41da8954023a1cdbc800a00216ca0002ca400094451144b02510a7360a944520b12c4cac4bd0265c764ef8f29ecbe5e0f7f5e787a5e696fa1e6ce4f7dc46f3af29aeb86f6f1a2c4940a73552000b969552a8492d140a940005940395854a45128000000010160002001000b160a602285542ce323d15f393e8df0ee6ef2e6bedbe1f49a30e4f65f3735eb8f29e8cf8ee370284160b1144054a258b414a4a000a004a451cd4282f3400511445096029010850400858a45956099522c1630e0dfa9c1be5af292cc0f565a978ee8b9f74e38d9573d071c6f225000a48b0540a205b280160e9000b2952820b29144054a458282582c2000a944000e7a1cd94950b0a032b12533133d2dd38eec3c9eae0efcdea196ca4a0b28050581411488150b485000509400b05416c0a854a42804a0940858021609d4a2050100002009485a8131b2c5f37a383c7bdd2dd2591871e8879bdb9f674544a5954252a0a505480e6d8b65128102c1400085b28292c16f34a42a509410a944a20000042a0a8000008040004b3311979bd83c7e8df92f9bd19acbd74765204e9cd5a82800583abc92a893a8a04054a085216c094540b2802c16f3458290a82ca258001480010002c004b01002a02c4c7c7edc8c7bd477e5f662bdf87db0d13a45956189b5f37a0a5250a944e87344a83a4aa94734250250025250000580549d4aa02c05000096000800000979282a04b05948a2113cb7cdd1eaf3eb171d903b279bad45df1d8f3f6d97e67d0e35290e9cd2a52de6a2c152d4b0b442c165800292a000a4512a1505054a0150541600001600012a16045808962902c5896158f52cb39bc1ad82f3d41613a4a0280284a2ca9285855b0b6289502140b284a08500854150588521db9a541400000020280040011600894458b28916198571c798f7b8d0e2f83b3d77e7f47bbbf0ea9e87821f4a7847b9e387a74f9da2fbaf8f9af73cb9a7ba63e73df7c317def10f74f10f65f3e47b6f9b93d6f9923ea5f06c6f7e46e7d0bf3fd26ef253d4f2c3d7301e861c9e89e7e8def8bb3d4f2d3d4c393d2f2fa4a82a0a95016c42a0a0e54451000105960819039e3b1da0938d09cebc92899f7d7465d6833e37866d0b9cdb9a71ad8cf9d79273af462d958dd69ce7a8c2ee3cedc61b7763cf9fae1877b0f369a0f3e9a53cdd6e326a329b4326d0c72f60f3f7b438ea810b04b02a1680000e6960429160b0251161920f267eee0d2d1e1e7dd0f16bb747cfd7d3d1e4be8a994dc61cfaf95f25f553cb76ecf35dc67cfa793cbe9ba1e6cfd0ace7a733cd77e87cdfafe731e3d9d9c67ad8cedd0f3f9bd5dd71c77945f465e835416001602ca01602512822250590b404a4b05816002400281875cda52315d0cda8cda0cae94cae95326a5cae1c9e978fa3d2c333d779f418dd464d862da193618b6863dcd8c9a2b36b2336a326d0c9b0cdde068f3f66ae373368326a4cddd5cda532ba0cf8df20d066d09935866d62e6d06534c0d1c0edc53a8ccd021a8c9a8c5b45c6c59d05c1d6a9875aa316c5c9a8cae83867c996bbf278fd18fbcf35f5431efb1c5e872ec72b4e5d0e6d867ae5a1d243b710d2e435634d980db8e3c67aaf9fd069a79e9e879c6ec21bb0a6ec2a6ec2aed94e4dd8f49a311b312ed321acc3834e39d4cf8dc70ec79eedc9969a0d98d4d58c379895d736928cb6f37526ec3a3562366237634ebbcaaf5e5d3b3cbefcb13dac46cc86ac86cc46ec06ec29ab3e4bb797436650d988de6236614d98c37f1eb0d7bc29b311b311b5c29ab21b321b321af3cf269d63d1a33a9d382f720f85f43d1a9f3f8fa391975e8a65e2fa83cde3fa791af50089480190b6a75196b8ec25249d4282812e4787e878fd871e4d7d2ba75c74005e4a8294956a2a31db2d0b28783dfe33bcfbe0f633871e9f9fe938f37b7cc7bd86e78bb767a0854a102c1528e7a871d4d0e5466be33d53c834dfc3f4ccb99915723d2f99ed37e31a6f7cde833d3c1f52cc9a8c9b4320a11e7d66c62da19362637519b51935879bacb45ede587b1a8cee94c9a8c9a8c9aab2ba233694f368d8c9ac326b4c1bf90d6f83e91c14f3eb87b8c6ea326a326c316d0c9a8c9ad31bac339ad3cfddd0c9a9316c5c79dc659b93479bb3779fd272cbb3b69e7346a31baaccdd8cda231a2b9eb326b92b5648d7acb937be71bdf3f66be5d14efcfd1e8e7cda47a2f9ba37be7a6ec09bb12ed7056ec51b5c05d7c9a9b311b5f2f66ec478fe9787d06de7ef338f678e1ed6591ea79e1e96236b80dae14d98c36650d990ba79b435b8535b8d35f3f70f2edd8f16bbd31d43bf36cac7cdf4246b7cfd1bcc49b311b4c840acf5c0dd8cadd823d17cf13d2c0bbb259b4ccbe2bec9185dc65e9cd5adcd1a3326acadba33a76e11a33a4d30d4e907cbfabf33e90797d678b56c5f37a393c7e9d467d77d1863ec15602900b000bcd32db0d8b2c00030734f1faf2dcf36bd5337a7a3e7faa8f27bfcbea00048a30aa32d325d85802cb15c8e91565479fbcb85f5f8f7f157bb4f3fa88e89277093b1ccd066ed2f0ee18e93538690e1a8ca6c316d99e7dbcfea39cfbc4d3a9b98b6a62d860de264d86175ab8b6261751e6d2eab8dd46536194d9662d7ca6b3af3aecf093dccbb1d6184beee72c0f6757b336833684caf356f9fd188ba1326c31ba8c9b0c9b7270d4b9e5e9f157a2797d8279fd67175264d519351935a67368b94d861ddd0c9b0c5b0c5b8c73f4d3e47d0df01c7a322b48737a8400876e076e21a5c89a33875af9745d98c36650d990d7cba8cf9d79267e8875cc1af39f477cf16cd9e1f41b4ccba33924bcd5b8ed89b4c89b3286cc86cc46ec46ec69b78f65b9efc8d2e28d98749ab21b311b311bb12edce434ef0e8d2e435643564356435f1efc1e8f8df5303d7721b4c86cc46ac86b711b311b4c89ab20dbcba2ed331a381db8a778e999e4bece4cfcfece4cb9f6f0797af64b3e6cfa70f9df468a4025f375cf42c152a74e454a54a00b156f35690a2160b04a94582a0a85b60b02812c14400954428094582a0a84a80e8bcd944a24e870e8733b1c3419bb1c3b89c4d619b4870ed5c73ac973683cdd4a74e45bc93a723bbc8e9054ea8011688e90144b282250160156cb2a8102ca2524b2aa50944a0a85080a5880a04b3a2288b080a800112a04025082a140f3a0b78ccdd80dd8d4d59536654d2e54d6e43599f56f6e11db81a5cc9a381d39a74e696f23a45bd3947720b60a8290a9400075c93a9054150b500160129521d40442de47520ae2950804b2a88952a8879aca65ae5a8b0022ca2c13a82f59f90f6bc34f6df9fd1ee9e6d177744e2f54cef638bd533685cf3df33a68336b0c9a8cda8c9a8cae8326be53561d1ab1f6263751935a62db95cda0cda531ba8f3f735336a316c316a326b0ce6bc9c31a6972a9a332f4c35aee35932ebb1c73af4be4eb9a646a65361935195d49935a62d479e77c9d57261e89ec306f4c6eb4c1bd30ba8e1d8e2f45e78d7135b155c8edc24d198eee4b76650db8e04eb9f31ebdbce4f43cfd46d702ef30a6cc61b311b31137f2e86cc46cc46d311abc1a9ebc3cde939e35863aba32cfd399cf3e818faf226ac8bab0a6760cf6f3f46cc89b30a6cc46cc61bb1a6b33873969d9de980f475e687aaf96afa9e6a7a5e6a7a18137be72fa32e383d9311bb1b5a3349ace29db95bd483a723af17b33357353a7365ea41416080a96996996a258161651f35f4a1f2faf4d3c9aeba9e5e3e8e75e5e7d1dc76522d44b0853c4173db1d92b9a52140bcf4540cf0d0e2f5c577e8c378140550b79a5b216c173d32368000a70ec72e8733b19f3af88f4df2ee32f5f80f6351c3ba657519cd464d464d479756866d4673519351973a7cb3db331e9bf33d86d33c4f5f19746bd797da99351935a62d478ac2e1dbb4e6f54e1a5326833ba0e2694e277e1af63be04cfa3b688e2f65c9ad336a339b433bdf4639fab225d4993619352e4d4657b1ccefcc6fe3f46a4be3f5170db935ebe6fb0d6e43664376434b8d359906de4d8d2e4356434b88db8cc6f31e53aef22e9721671537eb0e0f530a6ccb937643cdd734cfbc55b75e7e8d98d36990dae1635b9436f1eeae7a05963564376037625d98d4dd88dbaf3d37ca66bea624d988d98976634d590dbe77ae9e3fa3f3bd878bd7cf661eac753cfd5d0d529521db9a573d16067a67a1d482a0b642f3794c6f34f26faf4bf377f5f478b2fa52ccbc9ece8eeca12c0879115c69968541d25082de7a2a0e9cd3cf9e94e6cd23761b8b054aab0940eb9ab73ef33640eb91d25178a7481e1f56277e8f17a8eb16469d65e64fa0ee99cd464d2995d0b975d8e1a8f3f6d4c9a8c9a8c9a8c9a8c38e334d7bf376be87c8f79df7e459ebb9f25d7c7f46336833683c6735869df4637be8cae94c9a8c9a8e6694cae83279627b27792e8ba464d299b5195d0b9b419b5871c6f995a5326a389a8cae83369d265c6f4f3697234be3fa0b9ba89285734ee70349c1756435b88d3af3746ec29b5c06f3289bb11adc47539c97d371e4f44c78b3d397961eeb9f9a5f731a6bce70c73b2bbb88d6e24dae236b853663636625dd9132f564aeb5c06d3346acc6ac86b711b5c2aeb711ae6e0f4b11b321b311bb01bb289b321a78fd599e7f475d1ace068ce1ab3a76e29d391d20e9067a734ee2150502c0f1fb3ce7970fadc18e3ee1e5efd34f34f597e669ee82a09d0f9cc07a1843d0c21e8614dae1c9e8b8137be7abe9be6a7a18766b254b60eaf14e90748282a45b60a82d8282b9a02016f23ae7a8475c8743974397438690e26b4cae833683368336b0cda0c9ac33ba0ce6b0cef6389a45e1d8ce6a32ba0cae83e15cd1a33a68ca9dce61a5ce9d38a76e15df59746bdf9fb3d5a79b535eb3ed282c52d82a0e9292caa512ca00a200000ea0ea0000012a9016f23a81d49410b28903a901458102d73400003f3b7945eb91d243a415cf45bcd2a0b60a94d75c74af4f78e87560a96c5e7a8b79a521562aca8b280b42000128b05bcd179a54a00001d39165a2509444e87369cac2af2bd39a4012858581607e7045816f3402c0b60ea05bc8e81deb8eb5b6d86a9a25b5612a58a15d723aeb8e8014451400400010a0582a0a81d723a8152abae4807490005100eb95000b025e7a002c3f38320a20b79a504a1d4a00e9cd3ad71d6b6d32d534b2d2c14a544b7ae68b295c8ed0581d20a950428210b62da240a00008050160a84e9c8a5250416a0a03a1cac0003f36320aa40a094a82ad0075cf45d32d6b6d32d4eead802f362d81d734a9403a4a2c8bd5e696f352c5250e6d12caa0816452f36c8585a8290b1509414a82a14a24a2000582de474e47e72f323b73402de6c2f34a96ba81d391d5e3a3ad72eebd1ae3a1dde6a76e55d08960a43a4a541d254585bd71d1505b0541501400948b0b42a51149cdb051095561405800a040a440540a913fffc4002f100002020300000407000202020301000001020012031113212223300410203132336043501440344124708042ffda0008010100010502ff00bbafe407b3bff6fe337f2dff0031a9af9ef5fcc6e6be43fdb6bfd09f9ebc7f993fcc7de6bda3fcc684d09a12a2684a8951282544a09512a2544a89412a2504aca89512825252525250ca19432a654ca99a32a654ca19494959494949495949594959494949494949494959494941292b2b292a2504a4a4a4a89412a2544a89512a2544a89512a2504a8951342787ff0085333b89d873ea04bfa833a12b991dbbe38b951a2e5462336366c7997217c8d6edb0bb23ae3b365c6b37e033f92cb0e450f61bc8fcd0e6231d80f96c477a04c9d26e170a0b79bfddf1b64e2c319c2e71e452b31fdc633ae4dc5f13395c660c6dac6195995d721c254e24298f9bf338cc0a7880e7e1f28632bea64058fc46ce0ca87fe3b7866ab63c698c87cbfad837fc355108b7c3ff00955758ff002c8b5e9fef3edff7380ffeee57315f71490bb2a06ebb241737f1d212d32331058c2e602cb2c65cae12ce143963d5b9e573a6cb56e8cb0e53cee402cc198f9c39972493a7b905b2541c9e3d3cc910ec7c46ff00dc2a859a02546f42003555d546ea2546ca29355dd57745b544d78734d0459c9343126b92ef9ace42bc9673530af9820128232da53439ace66d5d151a8a351903ff00b6e87fe4fd859add1846735666d7536c9bb5bca9f974f3b6ce442594fd9d2b8fec3f8a18ff00f9106255231aac18975cd40a8db286945d0500e8464b40be31f18c906341fc533563740a5bd32e6c09b7487269ba78ae4b12f52e4eee6313bf97528ffc53e45417eb9186d4a4a6e72f2f2f32210c894951b65b4a471e69b952ff00c59404eb71da80646e8ee41e9e556d9ba92f9291b21137bf93b9e81fd5fe38ea22eb23a166e674aa4109a2f8ad0a1dafcb2636ec8a53e2bf8c24280f1b53a09610302360cd8337b8233848ce1674513ee77e66355c7972645c6d91dbf88c8ae5954ffc870654ac3b53521bc668918c4087a65dc3bdd480bfb13f2cbe3879bae245aaff00145c023cc0b012c3e4140fa83298194c7a64c61153e4cfa6fe27ce8577561687f1d873bf258d5b7b6b57468bb09bb86f313e2aff0084b31c9fc47dc2a6a6f401b0ff00dfc8a063f5100c2030f71dd9203b1fefb31f14b6b2febfc67f91dca9c87787ed07e79199664fc07ed05950b9e8323188ce4efc5ff637883e2abfb39facde6c98f67163f2c133ec81bfe0740ca28951f2d0695512a3e4cb6528ad0aa9945dae2a908abf26c6ac68bbaad946be4ca1a544a285fb4af9ff00debeea592abbae3fb477a223317fe52be6882ab0f885c7a41fc9fda1ca49de95b2792fe2ae1883b7996c484e593f90c89d15713ed96cbcbca71d9912b17f646dc086dfc91702235d1726e74d407c20cbb3d203b1f701ec46404c66aadbc43023c3e867091b2288722896f31c8a1d982c560c032b18ee107c33be48d9731c80ec7fb938806550aa98cce6d565b222d02219cdab5da63428817cc9b8e858e5fd676990a10a549c8bf9635f1f1de46f1fc5b45028f528a4bf8363f08adeb268ae442d3e173790a3aba2d53fdcdc155c81a5c6fa201610303f3d810b2ac2ca089b169b1b67a981141f731e35c6bfeeb36f9ba596b55ac73a6f1a27e4a1acb7b66ac622ff00ff002bfb13f38a2bf1191496fe340d0fac0d4af8fcf7198205ca18ff0010ed45673b9916d90cc7f82642cd906f26f631c4c657237998d9b063fca678f8ed986ddff8875ba900fc8e342d510687c8e35634100d7c8a2b1a03398ac74b874b8e4bfc3e462a736c05fc50f8cd8119828ef8ff0093650d0e3566fb44d81337c991c9462dfc8dbccd942976aafcd94389f70343f9141ea65b33b6f9cffd60fd2f7eda3dff00e8b780fe02c2c7288ad6f9a2845ba8817cdfc8e47e78f9b7209eaa7e51d8ae4c8480326dbf92d89b07e5e0a3ff004d8c333026280a3f912cf6c78f1941fba7c47e951a57cb5f88fe4d949800501746644e88a3428a5be97c8a9065f1fe2dde9323d107dbaf94e524749d3c53216391887663a52770b1ff009042a91d33e45040fe2b21dfc47c4296c38f671f31438f6a7158d0409e638f6dc84a90653d698d29fc66bc7e486c9fcc1f018c6b1ff32c6abf2b0d6c40434044d807ebb03f5ec7d7bff7991b4a09e69f8c3f921b94d850cc4b293971125439e967d333d599b6acd7473d319d2e36c8c71335b2b9136ed97a3b4c8c44d9c6d67d59971dde374e872bef233329ff00c652ea1725a33bf6c4c53e1db2647c5972b638cc4e0c4b52333e9b395557b3b65ab364613265a42d5c8d92b37e38def2cfdd335983171859a8b909979d7cad92a57258a7ecff00be5410718afcaa2c15565068e35d050201583120345d735dd04a0dae2552114418d562e30a5b0a3ca80798db2871cd741009c96a7182bc84e62cd895a57cab8c29c6952f895db8281c1799c209a8a73020c0a2715e98f18c487178d370e2dca4c685710c40409e729ea2a148a8560c7a1cfc871c18cb4e768aa4451aff00405802582fcc65c64821840c0c2401ed5803f7f9ab061f503b9b07e8d8ff006f93c72ff83e586dc96cd158b4c1f8ebd3d9c6de612ec913a5b234059cabb3cbb004b8991ceb7ea5d8c66c95cdff008e2dbbe42ae59719c93a3f3f15c89909c98cb263bd6632c664177b0071af98b12eb91d8076231eed88ef2ae4298ce47b2e6671ff0020f3c4e587fac2018507cf435502735d050a28b2a36b8d54ae351151563635635009c6a45175458d895a5161c6a61c6a615043630d28bf2e49cf9aeaa095c6aa5712ace6ba51a1ff001f1ece2530200ed8c31540b3988a810705db620d1b0062f8ced70eb1e8ebfd73fdf9ace62731282527313989412929292929292929292929292928650ca19532a654ca9953006b55a55a55a55a69a69a69a69a55a69e69e69e69e69e69e79e69e79e7a93cf3d49ea4f5279e79e79e7a93cf18baaf9e7a93cf3cf3d49e79e79b79b79b69b79679b69b69b69b69669632c658cb1969632f2d2df49fcfdbdbb65e8590d9d812af8d9cb5f27052dd7db1fb3dccbf85eb3ad4264b1f7327ebf698d571bb6972ab1eab1b2aa9191490e0947d819149570dedb30193a2cea93a24e893aace893a2ce893a2ce893a24210e43ca3b63193d2b2f349e973b63b5d67449749759749759759759759759658197a584d89b1ed3a5c728d8ad15587bb93f5fb5914b8e643d08147ad0ca9b2235d71988844c6087f6bfc9ecb66c6a7be380ab4be3de675de84d09a9a1342684d09a1342684d09512a2544aac5517a89559459459cd27349cd27349cd272c739e39c927c4570e1c22f8f9a4e6939a4e6b39ace6b39ace6b39ace6b3989413989cc47414a78525252525250cacd46f2b292c6ad2ad34d34d2ad2ad18941a79a79a79a79a79ac934f3593e91fb3d908aa6050b38942df0fd3fe82fe5ee7c52ef02f8afbcdf88fc7ebd160fd1b1e0ddce6c81fa9bb92d1015c69f9be40a3e20e4e63dcf374de49b79b79679679679669679669669668d9682ed2ed3265659769669632c65ccb99732f2e65ccb99732f2f15fcd797979d25e7413a09d04e8b3a2ce8b3a2c2f8d807451d127549d527459d527549d167549d127449d167459d127458cea51722d3a2cbacbacb2cb2cb2cb094c64f84f2ef92ef42a343e751ae38e01a1edafdfda27433e4c4f8d7ecd9058b337c47bcbf7fa30339c99ad4c17f97da612cd8e17dbfc33167f936475f8af88fd7ed91e09aa684d09a11aaa34ba2a80554ae10af879aca24ae33322a22251cf349cd273595c76a24e6b19501e6b3989cc4e6b398fa53eded654e899301ccaa2aa985922a91efafdfe8c618646e79b1e2c655949272ece2f862f18b17e58eff0df89c80649907ab952e9ed9fb27ebf9b2d9171b3c656183180b931a8c2c344676a631e11ad93160dddb6c72fec5c8d34c30e1e6b1f2510e5e99bd94535a99532a655a55a55a55a55a69a55e69e64ba635b91a79e79a79a79a79e79a79a79a79a79a79ea4d649e79ea4f522de7a93d49ea4f527a934e27a93d49ea4de49bc93229c905c0f309b79b79b79b79b79b79b79679669b69669669669632e748c79de5e5e5e5e5e5944e82367449d14c0e8274597597c7b66c6c2eb3a2cbacbacb63ddd25d65d65d65d7e94fd7ed7da64c80e2c2d6c1872ad3092327bc9f6fab361ed2a98b37d82b868ed44c2c2ff00f43ff58ff5fd7dd66650d8b01de4cb9f991f11a8ef40181cef928478876d64faf43e86fc5354dcd8f6736377811e2a041af12a0fbf8fedf59c2323fcb3297c78d09c9ff471febfab3b15c2b46c6a8c17174c6d56e8300d043baaedb19e9906428c9b837af69ff0a26b9a4e693924e693924e693924e4939a4e4939a4c6132253199915117924e69392ce4b392ce4b392ce4b392ce4b39ace4b3989cc4e62226d79ca4a4f0bd25252332a3525601b3918625c4dd56a664bae35b32aeda55a55e55e55e55e69e69e6b24d649e79ea4f5263e94f527a93d49ea4f527a93cf3ce26f24b309b79b79669669669669669d0dacd2c658cb19732c65cfd193f0f6cfdb064031626188e7fc0bf55c27cbeee3fc7e6bf108b9212003bd260983f5820cc7fb5aad9f1457b64c9faf0fe9c3fb3dcc7f87d6d92a6e1e623b7c8e56267725189cab9d48c3e0989b23967acb5be2bdac9e0bd567549d527649d527549d5276c73aa4e893a24e892f8c4e98e7449d127449759759759759759759759759612cb2c2584b098c8a6c4d89e1170b6b627ed6f08d672a028002854ab1552586c2a85102851a1bf731fe3f5f36bf14338d59d2d2acd1b1066d78438d0964571c767da7fbfb995a8323ae34987514ab8d09a12a2544a89512ab2ab28b28b28b28b28931aad28928b28b28939a4e6939a4e6939a44e4e79a4e691d71a2b2e345e6b39ace4b39a4e6b39ace6b3989cc4a0949494949488be5a99432a655a55a55a55a69a69a69e69e79e79e79e7a903313e79e78cccabe723cf3d49e79e79e7fa1bf3f733f812873ae3279e3f87bcc60a64f771febf618d57e1c04c2d683a4cdf96516c7efa7dbd87c843586f134b11f078f238c6efa56c9565fd8859a366f366c8792fe3ec313d2cd2cd2cd2c658cb19732e65a5e5e5e5e3e65c63a4e93a4e93a4bcbcb897979d04e827412f2e25c44714b89d04b89d167459d167459d523ba3e3c38f1a37549d71c7389e7449d125d67459759759612c26c4d89e13737f42fb34c8b93903382dd717917e1c28a2d571aa7caab340ca2fb5fe4f77e24fa032766f0444f89470ac1bdc3f64fd7ed64c9cd223dfe7a9a1342544a89459459459459459459449449cd22a2ef9ace6b39aca2ca2ce62504a094128210ab28252525657c6b352a63597254ca995334654fd03f3f773aed73adb18debdd3f65fc7daf89fd33e1f2b86ff00a09f7f61deb0f5bbbf45c6dbc9999b20ca4ffc66f00de739edac7a42b96c5b6e7d8ab6f5927a93d49ea4f3cf5279e7a93cf3d49e79ea4de49ea4f527a93d49e79bc936f36f36f36f36f36f3cf36f36f36f0dc81602cd36d2cd2cd2cd2cd2cd2c658cb98fe740d110235e5e5e5e7412e27413a09d04e827459d167449d127449d122e45df449d165d65d65d6596584b08ca8f055632a3c55553cb1ee0555fa3c3f8ad09a9a1342544aacaaca2ca2ca2ca2ca2ca2ca2ca2ca2ca2ca2ca2ca2ca2ca2ca2fff009ac9d4e8b3aace8b3a24e8b3a24e8b2e92eb2eb2eb2eb2eb2eb2e25d6584b2cb09612c2584b09613626c4dcdcdcdff00bc7fb7d5af9784d09a1342544a89a5334a45165565165165165565165165165125125167349cd23a26b9ace6939a4e6939a4e6b3924e493924e6b39ace6b3989551282525252525250ca19432a654cab4ab4ab4ab4ab437074f34d34f34f34f34f34f3cf3d49ea4f527a93cf3cf3d49e79e79ea4f3cf3cf3cf3cf3cf3cf3fcdfdc73e9af80dedd105879701b26265a9c5f9fb6fef67fd6ce44e850a6525fdd6fcfda66aae32c00cb69d750e4f119767a69ad0e4025c5beb7f097979d25e749d04e827413a09d04e8b1dc1456c4901c3bb62b627c6c9bc352f8e74c627549d71ceb8e75c73a24ea93a24e893a24bacba46659659659613626c4d89b137f53a5c72dc6c7665561ef37e5ed644b8e5a6e669460286e10eb9b58a19cf4594dfeb6fcfdb39555baa456b06ce893e1ff004fb9a1342328b5565565165165125167349cd27349cb1ce58e7349c927359c927877e4b392ce4b39ace6b3989cc4e62739cc4e7292929193c692929292a650ca18d915720f300db1532ad2a60f30ab4ab4f1bd5a69a69a55a55e69e69e69fe67f67bb92d4d591168937eeb7e5ef9ff00ccf79beff5f0719d71be198ff2cbd1f32e52c9d487435c4b6b752e52e737b4c4df6f36d2cd2cd2cd2cd2c658cb99632c658cb98992cb732f2f2f3a4b89d04e827559d567549d527549d71cea93aa43912dd71cea93a2cbacbacbacb09659613626c4dfcb737283a7bcfed1c5a8c84bf11444a094510e1c6d171aa7b7fe4f6fed0e5c6261fb60df3c6d73ed6fe83f9fcf42544aaca2caaca2ce69289289289298f7449cd230c4815b0b9e6939ace6939a4e6939a4e6b39ace6939ace6b39ac6c627313989cd67313989413989412821d2b2e99a9292b2b29185542ec5654ca99532a654ca9f9ff93db7f0c975331ad60c4c0221c7ef9fd9eebffe566c9950e3763351f25b2ef7ee3fdbeb6dd53f4ba64987c5b4eca5882d900c96298550cea197e1df6becf8f4f3cdbcdbcde49b79b79b79b79b69669b69669669669669669669669732e65ccbcbce92e27413a09d04e8b3a2c3917a7459d567549d127449d527449d127449759759759759607e2ac26c4670a3cd92022784dfcb7ec3fdbd8a8dfcb9a6d9430540bf2e6b392c000f687e5ee6663da2b5821d64193d5f77fc9ed93ea82bd342313daab28b0ae351d71db9a4e6b39ace6939a4e6b39ace6b39ace6b39a4745d7359cd67359cd67359cd6735941282504a2caaca0941282000ca8949e17aca4aca4a4afcd7efee64f2e4fdb15592363db724afbbfe4f6d9997e21011f150b14c989ef8f23e448cb65183730f87b6ff8fb04e876011886c7f0df7cc5b4cd902dcb36b22845562d902cc8fbc9ec79b7e79e79ea4f3cf527a93cf3cf3d49e79b79e79e79b79b785984b3cb34b34bb4b99632e65e5e5e7497979d04b8bf413a2ce8b3a2ce8b3a24ea93a24eb8e75c73aa4ea90d5be27ae38dc5e06403d32d758ccc4a0441b137f2dfcf7f43fe3ec32865e739aed71aac650e15424f0f97846c6ae4281eca7dbddc659a076ed97ee33066f77fc9edf5cac71641917e591a88e42e351e5a2ca2ca24e6939a4a2ce6b39ace6b39ace6b39ac745af359cd67359cd67359cd67359cd65165160e6668740a865165163d5055600a65044d34a094949495f9a7e1ee8c49b74d8706ee9628c49f73fc9ed6452d8fd52340653bd2879f107c33867c587c327b8ff008fb3988b73db293df0ef8085a99aaeeb911b48d8e7424e16de5fad6d5f3cf3cf3cf5279e7a93cf3cf3cf3d49ea4f3cdbcf3cdbcdbcb3cb34b34b34b19632e65ccb99797979d04e825c74e825c4e8b3a2ce8b3a2cea93a24ea93aa4ea91b2ae90e341d1274497c665d6592596584d89b13626c4f09bfa5ff0f6740fc9943145a0d0dfd1cd77f59fb2f82fba5c62cc5db2aa9b2f4f106deeff0093dc66aae2ca3320767f899a9512ab2ab28b28b28b28b28b39a4e6b39aca2ce6b1d004a09cd67359cd67359cd67359cd67359cd65165167a7aa2c1cde5560a95f0544dda820fdd412825253e4ff88fb7bad8ed9e635a27bc3f67b8c011f0dfad1f98c4cec3de7fc3ff005ec8de598dc0caf904ca6b851557379972f1d47c41b1ae3748ff00b913d5fa586d74d34f3cf3d49e79e79e79e79e79e79e79b79b79e79e69b79b79669669669669b69669669669669632e658cbcbcb79af2f2f3a09d04e8b3a2ce8b3a24ea93aa4ea93a2456c482f8cce892eb2eb2eb2eb2e2596584d89b137f4b7e03edecf14d95520e242b5000503dddcdfcb737f3dfcf737f3dffa2d09a1342684a895595128b28b28b28b39ace6b28b39a99cd67359459cd673594594139aca2ca2ce627359cc4e6b28b28b282504a0941282525252526e5be569b9b9b96969b96969b96969b9b9b80ff11b9b9bf9ee6e6e6e6fe5b9b9bf96e6e6e03f58fe4c7ff5a083f9b1fcc082083f981041fcc083f991ff00d682083df1fc4883f86fffc400141101000000000000000000000000000000b0ffda0008010301013f0128cfffc400141101000000000000000000000000000000b0ffda0008010201013f0128cfffc4003d1000020004040307020405040202030000000102113132122141912251a1031030334261712081136092e1405052627223a2b1d182c143807090a0ffda0008010100063f02ff00f5af4efa7f23afd15fa6bf457e8af835ff00e9361eceea90c5fd5416514de922b9619ca44b3e74124ea5dec393a54ca2f730e2cd9125a0e18214da53736438567129e6675f630e253338d2ee51becda87995428679b253cc71721c581a9733372ef9e16fe0a35f3dd36f21297f3c7144dfb4998250c4a794c861c9be73cd11c5fd921c2b36e1ae299d8ff6d4c3ae399daff72923385a694b388ec72b6a47964dcd32370c33c6883871a50c890bb2c3acf11dbf0e71504b5c22ecbf0da747322870fa72caa764dc33e19508b864f17222486a714444e387126b2c8eca29669485d97a53c445f0250d6488f8a4a5a6846b0dbaad4ecf05b819d947c58b10d4fd759917167cbf2cca6f0ce72fff0037278e79d0873e731714d499f643ce6c878a4f1662f990f39f16a4e797223ce49117f6e83ff290de98e8496ad8e289668ba19ba64766fdd9f89948ed1524909652a54ed1c4b285e447a384ed26de4b2e63cfd48850b29b7320cb275215cc8fd89e5bf74bde445ecc9fb9d949ca71ff0039a1445094b22585489c94ca139664dc29939664e599396653ba58548a0d61c98d4aa4fee45fdd51c2db69fb8fdcfbcc85f2110fb0b9957dcd933e47f2717cff00365069dd0b7294a7919a59a9a1ff008cc6bdb4284294fec55ce4c7f0894ba929cb298bba6e389c42c4f3fc97147eddd92eef9ee9e7b8ab972650c8a13a33dbb966d4b914fc9541c5892f6918bd87c942287d8e7992914cb99ff07164b98a155667fd522153abef97699297e4bcd8934d43efa8d117ba909ce4cc33c89cca7c95cbe0989ce4d10af79b642e5af7f15397e4b9b866c5ec51bf830c504bee2492fb9f698fd892894ca4c794d435ef5042b3ae660f69fe50e189b5ea989ca17f27da43f72e63789a644b4887977634a6a5292671658a1d3f26cc5949bd0cd4c72592c87ec2f732654cbb94fbdae43437c8c58142b49b2ab0af6fc930e1965ccfb10fc90ff91129378a84394c714a590d5229113cf63153e351249bf823e1b88a195da916c47f244b9a128a26dfa61425f92e557ec537ef919297d593269a2b94ea89ebcdf728529b7f92a28b87314ea3ade47f24e1792553ef5990a73a177c1c35385453f93887174f6312b753b46a8fbde17c53e5f92ab364f427a7d13d7e7c0978af82697b93fe7f0a936be0e26322c92a5287fe67eddd1292d32d05fe6c5854f3ee8c83fa751729ca84e796aa467464a4c83e7991c5ea516462f5e23b431e2fb0a17494ca9865c52e7dd0f670d6267fd7e42a6453bb353450a7748cd66509cb3139d3d8c94bba6e19b272ccc52cc7efdd9a2834b29f728b97f3ee1799744d8b98d727dd88aa7f1a7e559eddd2ef97e1f173fcabfe9ac5eec9b1cb27ee7c6a72f91f2ee50a4e4eac865ae4ff0028e19b5f055a6344b857c21e7b1487ec88bdfbb84c5139bff8fca75cc4cb5a9d0a693ef5c2f3a14d264fba8e5ccd73a774c96a4fe9a3fb23ae48aec3428679f74d0d2736bbbff44514444bb350b861acc4ff009d370d59242ca4fe4ffc6448ff00a170ca55cca7a644a6d7c129cce1862879cc83865848789accfb8de16d3e44394e2f8c8b7d5c84e5ab9314e7895722b97230ca293ab488b85f12c88a1936dac8f88644e599045a2a9af13991569c8ca86285ca248820cbec45824e18f9e825cbf9d62a22912f94214dca7ccafd1533892f925349f74b5ee6b5442bfa9cbba7854fc5942b2fe77929cf9129e11b9cdf31bd7010f161e13ff022fb1c3350fb99e397bc85394e6473d564470bb88be08fe7ba3fee533b37ca2fcacc6d55fd338894a25ca7f925b2054c5dd1e5396b3a1f7437eec970fd88b26e50f33ec88bfc86f14e64739f0a17f5488942a4b93eeecffcd10c713e187414544a9f92654ef9b5994ef9b59fc94ef9b43f730d1772f67325ff0006afe5fe4783ddc8bf0ffec5ff00a225efdf38b2455edf94d7b18a2537dce7abeeecff00cbb94943850e6b35cbf28e1d4949fd913fa25129afca91c4fe11c39a5a4849d5d65df08b866b4e4413737fc14e53f8fc8386799cc7eddf284a8e2fca4e2385f1c556c857f4a237efddd9e79314a75ce44b0bfca7a15eee4bba16fd264e5cc92fca5da61ce59213c3b8f2ca5dd1091ae4a9f953272e6492c889eafbb0d0acc4f0a9afab37992c312f95f9321cae7227a9ee629496999c294e7222cad1f0e50d58a70ca6a645c4d496888b3e445ae7dd0c3a48fc496723fa141ccacff25f670fdc72a90b75244b13f91e6f3a9167709fb486f1353af764f59beec73d25dcf39cdcff00264e59f7cff2ccc5f96a7df39e454cbb929e6fc0afd75fc87ad743b5ae5cd90fc7745d97f53990afe82078aae84a729c4c81627ae6679e72219389c313d56462c5eb94a4471a8a587423e292857221c515d0cfe08789b8629d548ecfff002642f393ae5921a8df1729116189f0aa24285349619bc89c29ca74c2250d627299db379bcb42359ca59370c8ecd4db716b214346dd5a3b258f9e8458551ca586a76b86528572a8ff00c0ecd65c4b2f621f8cc5d9c12a4dcc873854dba90385a4f1c995ece941c50d70cf33b0c92c9bc8863c2b044e5ee45c3c4a29112f4c27a5e7296a47929404f865ee45169244595a767efc99a0e1cb0ca64349454cc9e1e17ee7649ab964e6278785b9547259e3966c8a70dae445fdaa661f6d18f0cf0ebf3fc833532545af7e2967cc7255a8b2a1296551654ee9c894b2a9390f2baa2ca8a426b4a662cada194f727afb8e7ad7327aca44f3f89f744a575479b73e6c4b8b2a39e64a6fe66439bcb59939c4a7ee455e2ac9d4c3a4a42cde549e846ffa98a2cd35c990c9c4b0d24cc39d673d47c5166a4fdcc3a4a441fd8a4859c58539a8471f35230aea3e2726f1488ffb88b8a53a8dd66a52129ca21674733137374a18a7a49a258b87948962e1e440a760a19d1ccae78b11dac2f57522c514e6a466d7d97f21857333ef92894c9f7b7a78729fd1385cd7895fe6fd9a9caa47ae7977e92cc816276cd902c4f5cc8b39f11dbb9ba9738b826766f1cf15511629e294d2d0cf14a5ac892714d29e4766b14a70cd90c339373cc6b1678d4333b5ff0051f05321e1714d4339244f5fc2214b1593e1442dce152e29222cf4a8bb3c6ed9cc854f3c585b913ab5d489ce50e8769ce1725891026e75ce442a73512e523b373c9b948695628de83c4b5cb294cede2fc3c4a1ca73a0b5c1d9ce6ea7630ff4c3899861cb29b6414c517fc10acb13646e2ad0ed62d272145fd713cdd1186150b694e2641852c51679936926e2921cd7effcb69312d169df29645094b224948795d527a99229532335313e59129094b2599165754cd7b14d242ca99646bb92d0ff00a21cada77609708d73a9313e54cc523ef3357f23ae6e729e445fdd51c5ab52279f2c85eca42cdac342488b38928aa932536a1a49139c4a6a4e4c87028b286534c814e5141aa1713fe5f0a3f735dcac5fa8ac5b958bf5158bf51745fa8ba3fd45d1fea2e8ff0051747fa8ba2fd45d17ea2e8b72e8b72e8b72e8b72f8b72f88be22f88be22f88be22f65f117c479911e644358dec8f31ec8f31ec8f31ec798f645fd11e6742fe85fd0bba17742e5b172d8b96c5cb62e5b1743b158762b0ec561d8ac3b158762b0ec561d8ac3b1e9d8f49e93d24e509e9290ee521290ee5b0ee5ab72d5b96adcb56e5ab72dea59d4b3a96f52cea59d4b3a9632d658cb596b2d65b116c45afe987c48e1514925c885cda729f0c333b08b14a68ede2c5350e82ab4d67c3291f89894dd3230b73ca74f122f157f922292f5caa45896708d6535c9f8afc36c78ee5c855e2a1aca931d72ae4489669fb904dd51232f0e1995e857a15e857a17152a5c5c5c8b91145146927ee5cb964cec609e5ce741c58d675cf23ccde23062587e4c58a19d2a5f0ee5f0ee5f0ee5d0ee5f0ee5f0ee5d0ee5cb72e8772e5b972dc8b35b955b9545515f07ef31ff0096222f73373f85e2c5e1cb4d49a6de52733b2feda9f87a733b4feea103e50c885b5f39907b4d0a70b9ad66530c3cbc3fb78529a9f2472f9465265d09d9e70e51142850a14288a14288a2288a2288a22888b245116a2d45a8b516a2d45a8b516a2d45a8712854f4271f678596942850a1429d4a7535dcd7735dcd772b16e562dc79c5b958b72e8b72e8b72e8b72f8b72f8b72f88be23cc7312c716644b145c2e4798f63cc7b1e6743cce8799d0bfa17f42ee85fd0bfa172d8b96c5cb62ab62ab6fa62f8f09b4a53ee925243c185a7a4471615fe2bf808bc589ea909fb78ec5e02edb127162a72225140becc894558928889e0c5d9903ffe28954c96287544b5271c6d45c99973919a4d4f4f16292ea5ab72cea59fee3cbff71e5ffb8f2ffdc797d4f2fa9e5f53cbea59d4e2865f73cb7b9e5bdc852824db3cb6796cf2e23cb679711e5c479711e5c479711e5c479719e5c7b1647b1647b1170c7b1647b1647b16c7b16c5b16c5b148b62916c522d8d7635d8d763f61c2e8fd8493c97b15e8caf42bd0af42bd0af42bd0af42e2e2e2e2e45c87c485c4a85d0ee5d0ee5cb72e5b972dcaadcaadc9ca19f727a8de6b9c992965f44a591692f122f9f0e7a11679ca684615c51723b3862830e73f1e2f9fa7b6513c94591c3da60e6c6e28a270e93efc516b9aee7c586184edb36e19d5f7c307a2247bcd788f221f828511444da52288a22692216d2996a2d44a489e1444b04b096942835aaeea094aa7ee6bb9aee6bb9aeff4bf9f0f0d0946e1fb2129cc787b4c9ff699c4e2f1e2f9fa7b56d64de467370fb0e294b9424594922395645670cb94850c3973663c2a7cc89ff54531412737ddd96594c92e7e2321f8fa1c3cc4bb55942a5f276b03534a8fd85f8714e18966b90d768b5ca2d3bba187b394f5888a18a193911cf26e444f1ffa8a2c91d8fc98e5381f4226971b273cd98a4cecd4a59f8573479911e632f6799d0f33a1e6743cce8799d0bfa1e67fb4bfa0e2c5397b09e3aff697ff00b4f33a17ad8bd6c5eb62f5b172d8b96c5cb62e5b172d8aad8b96c561d8ac3b15848b386a7a0f49e83d07a3a8eccf33d07a4a42521290ee61c97b264b0c32f92c59fb96adcb3a96752c5b967fb8f2fa96753cbff71e5f52cea797d4b3a9632c679710b8222c88b222d8b62d8b62d8b62916c58d7d8a45b1aec67ff053a1aec7ec7bfc128b35f1dd52a54d362a54b8b8bbe95e245251352aa440fd8e28f8b93a91a8bd5c4bc78be7eb5c4d2e4430f65139fab3d3ba917dd0e2e435139f6cf37fc12f022d70d48a2fed227ec8c294e264a25c53c2c990b4e69a2529899d9ad22f118b3f0e1c3864b467147fa51285644e5999af1dfcf80ffd2502d62757df25531b870fb7f050fd71347e1f679ad58e06e70ca487fe9ba4889e0c4a3f722c5ab9fc0b1458a44f0a98e292893f729972442fb38228624fc488b516a2d45a5a5a50a7529d4a7529d4a75662935f71ff00db2785bfbb29d59fb94eacd7735dcd7735dcd7735dcd7735dcf56e6bb958b72b16e562af32e8b72e8b72e8f71438a39bf72f8f72f8f73cc8f712fc48f7a1e647b9e6443ff522c8c517691135146bd99e631c58de5ec27f88f3f622ff0051f0b950f33a1e6743cce8799d0f33a1e67fb4bfa172d8b96c5cb62e8762b0ec2ce12b09e93d27a4f49484a425b096adcb56e5ab72cea59d4b3a96752cea59d4c381ccb19632c658cb596b2c7f43f16185671f24470768e4e73cf5218b45126387b3fd4c50358628553f82714539c4e5f0bbb31caa71a59d51f0e5dddb7ca22713960a1145fd4f2235a4245f041f076cbfbbf85949c4fd88a1d7dcec93d1312854e262c704a17af23b4e48e2e17ee45aa9e462c4b0f21294dbe443935c3af87f73f62bd0a97171722e45e8b91722f45c8ac28b91722e45c8b91722e45c8b91722e45c8aa2e455154545995455153044e1c09f3a9542d205d7ba53c30f3d492a191139dc4f0a99597c124b2ee925244e59f8bf7f01b863927ec66a6f989c1ce82739450d0e297d89e69fb12ee9e15325ca826e26e549f870fcf89414a19b6e44d943b5a49444d2c8a228b628b628b628b62d5b16c3b16c3b16c3b16c3b16c3b16c3b1643b0b856c590ec590ec5b0ec5b0ec5b0ec58b62d5b16a2d44492b5c9969693c3d49cba94ea53ab29d4a3dd9aee6bb9aee6bb958b72b16e5d16e5d16e5d16e5f1ee7991174552f88f3223cc6798f63cce8799d0f33a17f42fe85fd0bba17742e5b172d8aad86a6b22b09e91bcb2343d27a4f49e934fa21f17b38b44f4389615a238949c3531768dca2cf00fb3cf0d578cbc16f910a9e716670cbee7a0ec97388cab5fe01fcf832861c4c97ab911c3fd2c9eac515d0aaf3218a1a362529fc11c59ca5a98a2ed250f2424b5d5912c9cf931782b29e459d4f2dee796f73cb67971164479711e5c459116445b16c5b16c5b16c4e25125f05b16c5b1ec5b16c5b1fe92d8ff496c7fa4b63fd2523fd25b1fe92d8ff00496c7fa4a47fa4b62fd2522fd2522fd2522fd243945b148b63d5b1aec54fd8a952a450e394cc5146a288b917a1626b2f72e45c8b91722e45c8aa2a8a952a8afd317cf8313864d45cce3e263749e4d1822e2849628b0f230cb2e470aeea22853c2fb78d118617861e7cfe0f6472f1590fc7873ee7ece5f450a228b62d5b16ad8b56c5ab62d5b16ad8b516a2d284596a50a753f73f735dcd7735dcd7735dcabdc5c516e562dcba2dcba2dcba22f732e88b997321589ca22e65ecb997177d1178d0c32ba21f35490a75f198bc3fbaee86070f0c4dc9ff000317cf83cdba2328a71565a1d9ff00966768a794ce0c943a93dc83f0dcc4d4312890a54d49e6dfc0f1b70fb10e18b149f82f359fb158762b0ec5613d27a4f49e93d2521dca43b94877290ee521dca43b948772d8772d877290ee5b0ee5b0ee5ab72d5b96c3b96adcb56e5ab72dea59d4b3a96752cea59d4f2dee8f2faa3cb7ba3cb7b9e5bdd1e5bdd1e5b3cb88f2e21c2e08a4cb6227863fbe85916c5b16c522fd2522fd2522fd2522fd2522d8d7635d8d76eea952e2e2e445c48b91722e45c8b91545515337d4ca4298da75f7272eec925f93a850a144511445a8a22d45a8b516a288a142850a1429dd43f7ff00eb654a9717171722e45c8a9545c8aa2a8aa2a8b915455152a8aa2a8aa2a8a952bfcffefe150a228516c5ab634cbd89c96c5ab62d5b16ad8b56c5ab62d5b16c3b16ad8b56c5b0ec5ab62d5b1622d42e1d4b4a142853a94ea53ab29d594eacd7735dcd772b16e5cf72f8b72e8f72f8b72f8f73cc8f72f8f72f88f3223cc88f3223cc6798f63cce85fd0f33a1e6742158abec5fd0bfa17742ee85cb62e5b172d8aad8aad8ac25612b09e93d27a4f49e93d25114451144511445177af9f122f83b2736dbae640e1c937cced7e799d9e1f55733b4d16999029bcde7991a9e49f88be7c6fba3b492534c8b149c94f212c9cf92f1a1f0db1a8b36b321e1694541bc2f0aab2585bd4872ca2a324e17f2459facf6e64a53f021d732c88b222d8b62d8b62d8b62916c522d8f56c6bb1aec6bb0d4ebec7bfc13cb6316a3512494e84b290b3a0dcd665c5c5c8bd1722f45e8b91722e45c85c4aa5c8aa2a8a952a8a95faa4459dce637cd48ce29af8f1a0f9f0d2d2799385fb39902fe91c3a3d46f494883fb4fbce63ff298f8669fb934a5efe041e249ff00c15269e471442f7cfc5a228887255e45ab62d5b16c3b16c3b16c3b16c3b1643b16ad8b5169694ea53a94ea53ab3f0e5a4d66cd7735dcd7735dcf56e562dcac5b958b72b16e5d16e5d16e5d16e5d16e5f16e43c5154be2dcbe2dcbe22f88be22f88be2140fb48b131b87b46e443c717117b2f65ec9aed197b2f30e2cfe0bba17f42ee85dd0bba17742ee85dd3be1f1b85187f0a49f3143cbc787f8087fc7c787e7c08bb4870b9f32297126763f061862c292ce440a79ce4c7970113965a09e2ea3504b2e64e34b252cbc352532dea5bd4b3a96752c7b96752c658cb222d658cb622c64f0b2c88b62d8b62d8b62d8a45b148b62916c6bb1aec57a152e2e2e2e45c8878d17a2e45c8b91722a8aa2a8aa2a8a95eeaf72ed279a52f1e1f9f0a0c3e966285c9d04a726b3992eeb513c399c2bc3fb78b7223ff00233737322e5392f1e1fa288a2d8b56c5b0ec5b0ec5b0ec5b0ec590ec5ab62d45212d2d26f244b5fb96f529d4a7529d4a7529d4fdcfdcfdcfdcfdcd77156bccd7735dcd7735dcd7735dcabdcd772af721537c5ee44b3e1f72b16e562dcb99732e64f1445ccb99732e65ccb99732e7defe3c4e35c3a1c2a7f61f0e15c8c38b83daa35e9f1e1f1bb3f8625d9f678bdce3ecf0bf9ee4a512861ce72f157cf80e55250be3752189b4f0f23b47ee3ed7167a23b3f7a985d24575a93996bc2619cf0f84f0c8a4251145b9487728b72d5b96adcb7a96f52cea5bd4b3a96752cea59d4b3a9e5bdcb19632c88b222c8b62d8b62d8b62916c522d8a45b1ead8d7635d85ff00454a952e45c8b91722e45c8b91722e45515cb0954551cfe0cf861f9cfbabe1af9f0672cfbe784935977da53c38bc5ec97bf74f42387ee387c687c3a0a149526f2304b394e8510a1861865eac8b61d8b61d89e15b0945d9e15151c8b516a2d45a5a5a50a142850a142850a14eff00dcfdcfdcd773f735dcd7735dcabc8af52af730e2732acab2acb99732e7df178b046ed45383fe494e7093c4d3252f197c78914a16db5972389cdb87bbb5929c6f34272932725867b8d3d49471638551114139e1797f09366269a43966a44442a172c4c8e0ae1d45f86d3522372af2278896a4125c53f05c9ea556c7a4f49e93d27a4f49484a43b9487728b7290ee5ab728b72d5b96adcb7a96752cea796f73cb8ba1e5b2c88b622d8b62d8b62d8b62916c5b17e92917e93d54e46bb1aec6bb1fb152a5c5c5c8bd1722e428f129245c8e2c2caa918a79e9995449450a5ccaf52a54aff0002d1271b689d3e0449fd336b329e0bf9f1a26f9e47f6b72440b9c46149cf5f1bede23c3d9ce1d27a9efaae5df39114521624a7f05ab62d5b16ad8b56c588b516a2d45a50a142850a142850a7750a7764619687c77cd9fb95ea7ee3e6b2a9a9565595655ff03aee2c393543b3d64c9a72896a38625c4bc5fb786d2a927287e0830d7532a99c7d0814fd44a11608b142ebede2bf0a151394262ecdca5438949e11bd58a28627f8931b89e4d643d617a321ab855644a16394b2e64794bc059f42e5b155b1545613d27a4f49a1484f4948773d3b9487728b72d5b96adcb56e59d4b3a9e5bdcf2d9633cb67971164459116c5b16c5b148b62917e92915391ead8d7635d8d76eea952e2e2e45c8e18e1997cdeacb91722e45c8aa2a8a95454a952bf53f113689684e59fd33967e03178d162793533861e0ff913542c8bc67f1e2b6cc49125643dd4288b56c5ab62d5b16ad8b56c5a8b56c5a8a1694283efa14ea53be853ba87ee37dce5a7bf7364de73a12ee8a1ccd4ab2acabee7e3a6d4d48912f1dfc78b9d0fb9143928a7a938a5ed2f1df878a27c3c873e14e8768bfa9f72703ca5991653511944d4ea61e4561d85f8af8743142f2f7faeee8556c5cb62b0ec556c551e9343d2687a4a42516e516e516e5ab72d5b96f52dea59d4b3a96752cea59d4b196752c65911632c88b6227862d8b62d8b62d8a45b148b635d8d763f62a54b8b91722f44a18948ac2cb91722e45c8b915454aa2a54afd2fc39926894a5f04aa64bf9ed0a14288a2d8a228b62d5b16ad8b516a2850a142850a142853c5d4d4d4d4ab2acabff00f893ffc4002c1000020102040503050101010000000000000111213110415161203071f0f18191a1405060b1e1c1d180ffda0008010100013f218e5f5c1f3e3813c89e19c238638e30bf0cf210f19e4b208e54e11cd53ea2f07c4b911c7b7065c6e716704f32796d7263e81e2c6be8d2fa2a298405f1b71db973cd9faf78472722fcb5440fca5c518cf02e4473971c7d3a39b5f6a97217d64611cab3246e7658ae63fa28c17d4ac2798d0623058c6318208c238161057823931f411cd5cdb71643e24c8e46d620d9c36cf3333ad88705103a8eb3a8dee109d9368d9c6244b0f5627ab807ab0f570075e075147006e60811218c750860a5c4502e344973630a3471cf02e3cbff000144c144e742cb7a0b51feee235a350e331f03563db421f5e017362ad1ec1411720be5b7be0aca0f5f0361916a907c54280e952e660d935d635dd5ea3db01c9db043d45ebd333990ba8933a516e7f88b494b5d05bb0ac5c2aa99fbe46a7bd1136b985c8a45d9c099f5435f4a9885d1429ecffd264142c347c55049615dbf59241530ded86302dbf814f6248f73dc8a6c48256a292c435ebcac50df75a196e225bfd8a9597a09ace38b8b31ea311cbb79fa3216bce4c9eb2b300ca74ac8b8fb8d7690945e02a3d85f71e518f43a1636744e9fbea4ada7d65dfb7a17f914f0cef4279f97e119b87030f5c2379d4341653ac4419d74a014b3955282baa9141b3cf4142d06d1713927a371f000d1116024faec74840429d241abba96363269ac9102d4e4971325a8289d900fc4b5088453ce4a06d5d3a8ea3505a81e82875e87ee41c92cc91d03919149d95c8daa0b3a1d69925ac5747d27dce385353dc59023255af42f515b89c6bb0ff2c0fdfe156dadcb3a6e2648dc6ca70df4fb8c861b547509143212e3ce08442a82c866a13b5dd51b5e377986fcfa324bada05194bcedb1ccdd3d44c8dcb66d0ca4a29d04b345856d47bca9141c35df31509b53911dcdda46c4f7220924c3fbb1c27248dcacd4701e8f00e20a4d4a62d30e4254270c756bbcc9d609caf7a304aeb903c5fb92b2e4a658c3cc4e98fc25961ed6613477b96a5b5445a9a1cb2915f57859287503da2072798ad3010ca4d19a22be85090cacb741ff0052251f84c49ab444b30cb60bc9256aae2ce56f1367537488b7be865913045ebb8b71fb112a2e63151d32c6624862261eaa2c5ff0b1551aea3bb253a8cdab71c0e49d552e7b94d8ab6f93a23c85ba7a948640ceb0e6c394607043d0b0f3fc260f1035a97b0a8e803895ba86364a9a87712ada6317654ede8922525d06b0de225943b60ba34c24e5f67f8252ae07e155552883af262eb2af3ed42421e11c4663d093c84ad855e3ac12d0582e247267ecb5fa6cf19cec66c1a3b4f4c28ee8843b9fe90c49d82a440ad13dc497e469b3370285da75703d675d04d67854d1c8d9549b9ba067a7a1f8498b441066ebac6a8ca6c550eb13594082aa092ad86965bf9a0a26d9a2179ad607e83fd84aaa7c85be385362afc2e3284180b05a151b145f7c06bfa0a46f483dc75b054e72c1a7fc96b3a38a7e2a5c56f7965c887c9c48ff008453f0a8bb39cf948952c813ae8b26bebaf510780f128d14aea2c72dc659caa33252f9915d7d836b62c3d37773fb60a851edd1f84b522d4bb626af770971685b8849dabbc24bc5928221422499e0ba9395b9b305093222f57de970bb5b1b845bc783c9dbaa193bd88aaff47ac41a7abab8315232ba49fa9a4cd6da0795b30a22b5434b89b228c694dac23495e58746ad87b19f3629d094c516b6535721fd592255615f3c9b878635052ac7e026ac352848d150d86b835236812b0952e011ac2d8632d687ee22823f7631209b50969f7194771eac9c333a0f850443df1510869ad485f7ec90b717af5412ab21eb8e1ad0b10e7f44e5f7f5c19bae8d0ca85517c2c0ba4bd31216bf89b617cc74cdcaa238250849563d1330660d4b22c5d83fd8ef2a3f07af8083a667b120e65cb8cce70d126a28c112451a430d127d799143fc226c3207625a95a861ff00d914ef524b59570a7d4113aaa27510ba1d3682ba8d6357c10c7c8527cab95be9b9364a9277c6edbaec1759b02ffba52c24799551fdab90825f015cb8a86f92662db2b2c0ea46fea9fbd3628ce6206589bb34cb16d01014faa927553d1026efee66125377d43645a4283336e6401ce908ed1b4598da50ac284d924783f4daf9d415ed6a52b2752b7f65dc74d07aafa915fda61308ddc2934a139532a1d0863a41c9d619938d75682e4aa912518c20326e7d43e4ab2bab999f9546bca166952e631f7a4f2bdc242d6a540ad6b61ba69c29e8892652cb177a88cf2b5094ee326c64db4aeae7cc889a09cae20420b4eae24a25eb7e188fbe83ad9d243141d08686cda9c3d5d03dce20a210f661dea28bfc89fbe0bc72c09e6fd59457bc423e18cddf06cb42084d6f7dfa3979703537294b2c56113962ba59d58916f4f0a4b50a875d61bfe13b0a44f80e62d105e6706a9d3df1fd3023039feeeb8278dc932250a94c5c8493dc5ebe1f305a12f43d4569d07f09b9c46cab57089561cbee1534e0ae1a2deb85f307ff005859aa5f7c10b3a0112a56624b9294517e0c8a5ae1a72f483cc91398bded85dee7419dd05c4e7a99fe27a833ca171145a4d82668930bf4c489b8a6bd94b299932377de56ff004b9630e924939bae40c87c4583044d28bf117eafec108a20a5a9d10881de7c32c2e8d41e518dbd17d135f36fe02f742055c24fa353504e8785cc990ee14ad6ee8b6fc4a6027a1b868df74d1a19ce1b446431cc86feeefdd667eb721e6bf509da238c228013992b153bc884696fc420e7493f81b5b54dc5d056ce075c6cca2e7356ff00411f8250eb6e571263215b670265dd598d8dbbea36cb3338a1ef32cc445a7d9fe18eb804c2ec44e32336b246a1fa38438d612f7c020ac6545e2aa41a82a839a6cf4c226cd6c796c90f23e71c95075ff0bda715a39a835f92a99cbd532b499391308f29665259042d0847b6f459976f58f832293c2742c280b71fc310f4c9c5a87bfe32e9ef91d795fc69326cb1c8d0ccb5aac2cd03530e628c99741c850a16b6c170c94bb8f565c09cfdde4eb68231a7450aa19abc305f66b6277117b442605a50b07d6e157e879162e50547f9b0c56a65b8dc35cc046b8a5d0334d8dfe232ec3084efb2830eebb505dc3329483422ae9a3951d4fd5e31a62a855d48a14374b2790b6efd2f42d40d613d65ef2492c087a053d8b0f8f4aba063aeb2da6fab8c06ff00c8e09cc9167294b322e93024ac532bead5051a3975b6a454b213d47474215051bbe32c1a90d5675899699a815cd153ad21b3a22eb54684c92a748a8a5089c3b8b23c3d012dc6ac142133344286c4e52912b3dd126f7aa4ba25127f6044e20cc2a6c99e3922980e1949d428908b761bd7850db02d2128cc81eb56ad8ea006f9f712f992a974011539a740a6c0f3e0b086e725430657b570818498e39e4150f5a6467c6abb9b498ae110467a2e55e25ccd6af158b7a695c540d7240d1ce06d4b089848f462c2eb250bce40d979eb87e684bc3613d78179529590dd5b3499130db12d0fd4a35827799d218109364d7e6366f21ee22b39a0587e6044250b0507b70b6150886cd51a06485b45ccda4cac7f87521bb5e7ec0e6ded2237c6322f1185561230ed46358e8b89cae555554489c2555616441ceb2e19569c22ca728560edc1b6fbbaa7deb209cf828cf1659e536e3323d3a0cc93ea4b71ea494cdea50c8c5a0589d6445c71366052ded5ac3ab66289a35551d0b8f41d952922e86a10f926db34439a6b1fe8546d44c54cde33432b8cd4f222c6a404a99fd4889ddc89a1b554cd48b40b21254fbc5250f1cb28eac8ba89b213a485d2a95182454a0b058d134eb53acc9a4a120a4d4393b0ba90531a665beaad2afd1f19ab606dfa463a146dd7289141772a833b3a8d7db5775ea1cca6ce28bdb0952b60daaeb0b148a15ffa8647a09646c938de2c1f93a1b093aaa90135e9555b11dec80d957fa4e87e63b1d8cbc8c251423e724077755520826e53544d8860b530244304b0970af9aae344eaa84f2669d01955a5529268f94cc81a86a0d5bce5a85640ab6b2a52284d3197cd08ca3dea36b969cc620b7b44c65b2b5e17aeac4fb954e095eb8acebf6f83c9b675703f9d1e7247fb8f263c88f303b0c43fa39204ceeec52fee4865c20005f748ef91e311e11191be20827816006ff82dfdd99daf16f79ac7180960d8c1fe078e072addd18b345a61481dc7864e0273c0771f76a765c3dfc8dc0f29c0e272c33971cbfeff0031a9356c448e6901a50ae70b61d1d83b12fe7216f7924a6cbf333f579bdc751e7762761a0cf537345e5cdf83cb94721c5c3f48807ad572a6f59a0807fa42fbcc4f532dc4d048eb9df7ada55f96566c60ef31d963bad857691b5c3ed0d962070f804a0abb54a1742200b1ca53d39af12a9e9b04454a3b1ce173bdf7c4f8d3d7b5dae91f03bcf9e6095a09df09e281555081ea32d46df482c37a12086472be072d456e62f5cab88d595aaf3e43f46c1808d8c9a6cc26974b07becce3743eade7b7335c99236849a927ad7a72c2a9264ecb42d27b1b4f623a3d8da7b1b1f63c41b4f6369ec78e3c71e38f047863c31e2ce85b23c71e30f1b86f8f3c59e3f8ff00cedb1b476dee106fec33b4cdf0df7003fe33f293c84d9614bc2e7ee523791244e2e1ceca83375919a5c47ef0a23c28f001a94cbd86fbd86eb0bc91ecc37b43b6e57b5138df19c94281b56f0a52d8255399d228dd392e7fe9f353b591b7e4c73e67c33e271d9618ca575b4b9ba8814f6052164347f8558cf692f6e5b0f10f8926973e8092b544726ae66477d70176c76bc820028aeeec541b2a6212a4a20f90239a0832c15f02788c44923753b96f9d7a3c7367df737dfbc9db741d63ea58551bc0ecb9d963bcc76d8ecb1df6c0bb8b09b23658d3c336f53f65dc8631d6119ce5c69d8459214436aae4b2e194b60945516171b19d5e82845853ca8b90b9fcb99442eb52a46976c211de8f229df54999fa07cb1cc672b2bc8479aa1774293d586ddcec89e37fa18472b159342bb89fd4407eeb3e541065c12c95a6d0f1878e11d8e6c678640e125dbd098758b5a6232ac8d65d175e683684397069888275abea7798cf3574a9d6e07656ef0df33cb4ce7a8e8db7649d682893370cd6afa51c3be65ee24694eda8686cc49268b4a1135e2d369b2d7ac50cd7c32c57bf7a891ee62cb09ab9a30c4476be6ef88e0daa40c91fb935194bd44200446cc9988d2958635aa4bab4154462477db337bc4109b529d2c62ecf65035e608119de132e03e67fca6255d8678d3c39bc1bae3eaaf85b5a72c686f03a32a707b9dc710f7fff00fe30694190247f09941f654eda9d953b2b8054e552573b2a747cc9fe93c8604569f72e48b58960ab460bddb1daf231a9b05fdd1dd8f2479f1ca0da2123ecae16eac5638286ec1668da2a613a5853ac2f4fdc3012f3f83b68ef2c35d5eb05db9b63646cb82cb995b84bb13be88884251bfda14bae79f99e3bfa0bea16f19290dccca2247a221e58412fa076fa163e0f21eab309198dc2f703f1d229b44854e6827365f578963c4d98f9dc48c21687a106c2e0f80358ac75ae50cff69c6409dcaa48ff008044d68b104611cbf95e45e4c23185f3ca60c81d49fd4eb83c1e8b989cf58662483653d842daa1e819ce5a313ed32825c7b821d51b3b08325d4ec8bb5956c4d5a87cbf84289faf130d89b5c177de05d963bac76588b382facec9b8a9595cb63c245b824ed7de6e8bb6e76dcedb9da73b6e76df13fdc1dfc74dd7b90c717fad2666383a94c2cec2409ff5238a5a0a0574d46322ef0160b7c660220d00948ae83bee18888ed86df1def0740101588603db53b6a741e833fd677d8b23dec2eeeb07ddb70d5c4376225ad5aa790e53ff009d8d9713e2b859ff002b0549875b61155d699046ef7473bf6be0920d8d614e9e11a57217696c7f6cf526ea25632a1deb412cbf532aeba211ea1f2f87d3d479b63d7909879c22a1b45a406ffd9f4473e55994c487ec239bc948f630165a4f827d9d272a2e5cb835fd0757141d91b1e43f89dcda9713b4c07cd93ffdcf3679dc3fcb9e54f2e7953ca92ffdcf2e7913cb1e58d97b96d7dcf3c79e25b27b8b2d6a507ce0ee2ae56f2752255537f508b1c08a42081f5209fde99c14790503840a31cc8adbebbd48e5a3f7b911e68887c8adccf789cca4e4258a7b773d4992b89569613aee0496ea2cbea2ff001e2450a17708e9909269506600e81c7173c77d479ce729856b5ad0b3cd3caf246fa7b0da1d864c3b448342dc77d8df16ebdf845de7c7cf7f8f2debb9137f51f2d670d228b75c245dfda1db98d33074614ca6cfb0ef23ac33a49cccfc98a6af578a78da713bb819630e3e501e8e7ef3190a7a7b739392ecba47c93e4607d5f6495e464f61edbd2cfa0f99e431ba397a8aee82eee7f5976bd5d0797240fb39fb199afb0b5a9a540d929ac1141a1b85d7c2e4a50df1baf61e307811e751da2e0e0090765725bbd365b7d21fd98647fa0f3621fd87758f203c90f223bec79b0e3ff70b6907ccf15fef237df03f6a4a411c0af5c6ae608ff2679d3ca9e5700f3c79436fee6d3dc9fe823a086bcdba838d2573ac2816d103fb38880cd6c9d71bdaf3586a4346b721cbcacfcefa3c1feb624951484dea6c1ccf8dc61384e125635c893216b19d08da7b1e3b90e509cef3bc7e15b4c0b6176de19b2c75b8509ddbd852ae112e1700909d86647453865e7e06d94eb80d0b7e6ef83fcfce8a6c0a013f963e6a239dbe1f273c2fed808e7f550bc0b00ef72c84c4a4d2790cac10302eb1b8c49769066bab6cdd0cf57dccc9b44ec5cd0d44c351c6dc981cbacc1580a3f8384dba3de49138144e04791e45906419e46d5af7e7fd9376676e7685db5983aabf49bbf66186eb092f02c4413caa3b44768b06f189256c8676b813f6a0de4c79b1e63c0ff9bbf187da9b436b8423af617e5789c009b6641bacb3416915b9a54ab50926349ea5232c6aa70a8b7e13b423a0dbfb1e38f0c7833c69e0cf08785e0446dbf1ff00c4db7f27719d4e24fdc33e567f5cb15c85f83e5f8365f593cecfef93cf52cbc7a7a63686df82b2f6f8f27933c9605e5cf2a7963c91b33cb1e50f2c796c136dee6d3dc86821aa21aa21aa2709fa09fb46459e8e3e8216846846d4f1c6dfdb16294a85ac1471e9e7cd0bce73bcc77a96f785c1e885b4db9b5c0f759dd63bef81b705b82ef3f01995ab549c8b3c3c270913c9f108a28375c475592ded8edcedf82da7e0e81bb48ec23b08eb1d5c22890c867fb492c867fbc9fedc7276f32066e12248979bd46675c829002cc7bdc101e7ecc512cf319733f4f9ddbee48a295d46964e625ad266c7232e2fd9e5ec28fbf322b99a03bc00c6eb0d055640a6592e1095cf910f1d1c1c33246f0bbd390f2a4641d95ca68bbc77fc24da981604959216814ae1484895de09dd25e7d91299a04cd4ae3666c788c7d77cd9e6cf3e79318fdd1e40f2479636fee6d3dcf386d3dc868249e0a8f663cd2804b19ba47b1b73afcbce3451b96aa1268eaa91bc15233e2457ea29a52a5e8fd301955c990fa4b697c8fd8e467c158683557f513530a142ca3a917e09e183d085a23c41e2b965cb49adaf5162d89b0c2bb2c77db0742cd7cc2ed39db73bef85ef7039b961c5c6fdd5fe96c58a432febc544476842ceeadbc0e6eb531743c11b8f635ba2788d9cc5b51b51b3c5fb3ce5f924b42b55a806c06058649249278a70f97f678e7fa20a58dab6b433baca8e1855aa4c1c9da1494ac42f41b66d5ee3d54c77b8d9b969654d78aa8099b81e7f89c2c4a0e72cc999fe33f24ab666c784df48f9317f7f1d0f2c7963c91e58f3c6d7dc868277474b0367d4c01f5605916952e38ab3028cd6af0cb7b23c926e3207e9c9485c4f2f612e780c6f27189e24f04646c8f01c9709856b636f06346698b4a6c084a820b556b09c23bec775b08eeb1dc636dfb8db7ee3adee36dfb8ebe00478b9f4d9b7f8257394aa543ad18112129ffb9557e7c0ca3c4b72a0b95933bb365cc0caadae42abd26c1206a4e0f131372b6e7fee13cd59ebd830cb9dea10d1dd5ac4aeefbb1412acf99f13c8e850f4d67020c839a6e3a43bf0bee7ea1517eb164d04e503fcc90bace053bac6dcaf4a299c2791e2712daaed4edf8e9c8ccfbb1e347935c97622e3a9fc87836e2432ecc779729baf7bbbff002e79f3cb996e171e78f3c484269c7df0554509d021aa256bc69c3e339393f76106569c0f1405f2464ec25ba4049b4362cab957f82bf2d744370a5e4507758f68c4d4f452b7e5c8b06fd87c3384e30b4442d1ec5bb829430a5fe635163362eb5c5a9848cee3e07aa6d0da1b236783efbc1f659eaa3b4cef33b4cec33bccd9f9363e4eb8eb8eb86952c34671436f14bc7ae3772602f720edbe43ecdf9467cce95827a8b70a15772e8a16cce09132acc4a37e6fec73201f08b570221794ca75449bb01ec6c9198d01083b701529913639723f72e4aedc9619235de417cf616b1048c3ff00ca5158cc52402abd832cfa054da1c9a4ed5a5a9107f5f11829fec27148348938d3af5b6b3b1c6e5e04794c5a5df42e0e33f88bce07169c05ee37de2d7646df84c5dfd71ee06d7470c4b428dd5a7a07923a892cb28b5ddbb8da7b91d1ee4ec21aa249df0cf073c8766ccb525b52df70a32eb0af62f7212d8468426d30b7f1271a9dbb9cb035f8539cff002ae7d3738cc122509952a260a362662a101745a09769abc273ac6f1a78cc59b65c6ff177db6779e3a6cfce2bbd1168c5c6e7bb84847554ec926c8429426b02cf20f7e445b9324373de76df126ed739213a9acc8f538203250c70346cf15f4bb9286128eaf7491eb5f12be9ea375044d82750d23098d8dfd3d253cee4adcbd43668aa8e7317d36136480a060e56315187235239cfb89d785e190b6d118032f148fe1c6643a4f719d1eec0274e0324e8b814ca9bb1e0479547768ed56281d85c1f67f26c20ecfba77df1f8df7ed8f3b43678bb30fb0496419773c7ef53e297e48d99e78da1b43684e81d4493cd0ee0504b0204437b08e8b70d4e308967591116278646adc807c731a04fa04d4a2e11ff00660d135d79a893c124e1384e2ab4d120c94c54b13bdd485a223a0f0dc02139e0ef78dc7c1b336d8f9420db367e4ed3c2a0fe8daf93b24ed31f906cfc94bfe859628ca2b8a191731cc2ac2cb7219c8fd8c0d54afa3b1db22ad8a6e761e2198a705689e6a301ca01f2fac06127568435726f28c39bfa072b395f1225838bc8497364b6f466c806cb5be7307c4896c28081615086cfaab892c8db6034624851fca2ee58f52643c860e93a71ebff0067c2744cdde06f2485adf61e7d1db2c1641da45cc1ae238e3cef11f58779617618b34e3ee590eef087e7f00f2b8836c4f286d0da11d04ee4ae0d68f52987a93c395c4e5242db452582c86dcb18b85a59918e582271271e49c1248b0649faf4e34d0d87b1b0369ec78ec1de2b81caf78fc33666cf0eef8a4f15f7a6c9b3f26d7c9d6f7367e4ea7b9d5f73ba4ea7b9d6f73afee2dff73bccdcf71bdee3be487f423fd0edbc1613c46ab912515859e39fb04fd4be5792783ac29e0f38115829279a8fa0cbecb71539922e438b867f026b19e7a1313fc25fd0885ca5f80e5cc42c0b9197d75fedac9e58cf0afa29fa19fa4cfe87a7d1d9e39fa5bfd347146138ba72570ae010b997e0bf2edcfcf9d02e63e6a36c33c4ac2e4ce2bed4fe818f9b6c50842161185bec73cd9e7cf05b19e04c9278645f449bea9fd8645c13cb95b19278e7867867ed13c8ffda000c03010002000300000010da239268e297df7bf35e34d3ff00bfff00de7df6aab1e7ff003cb63864837c70e77a2dab78e38639e1924976c3ac34e34cff00efdfb9dbeebfefff0031f35ba5fb9db4b63d208e69a39c63eda209e792a96b8f3ff7ff00bdf7d34dfdfb0cff00d79de4aace37bee3402ac86c9446020d64edbec9ecbe2be2b35eff00aece209229650c296708d3c01c528e0032851cd7d659d7da41071f79471d4d0590f7455b7d14db6d755f6df7976d871c45ad107105fef6cbefbe78fcc6f9e98b0c38c1c7d3f7ef72494434f3f558fbcc73ce18b0d3282f835b6f2442e8cad825b76f399e3f3ffbed38dffcb3ff00fcbfcfad3cc29923cfaa20da7aec2463ed15fbe1b4a611c3bcf7bfedf4f7acbeff00ff00ff00ff00febc82c875d74ee082096b80104c20f229cef0f2c33ff5f1c631ee2e37fb3dff00fb7ffccfed38ca8fff00f708fb86aa0a0e294f9f0a2093f9ce4d2552bebbefff00ef77fef9efab0f7ffe0924f3dea3a6faa638734212fdb8834f7c254635fefbefeffdff00db9ba8beff00f9ff00fde0cfff00fcde69adac118d248578c34ea0872ff1ff00ff00eddbcffdf28825863fbfb6abf2cb0db3c3dce292ebc034c3dae30f3c838f7fff00ff007be7dcbafa69e2aacdb6ff00fdefff00ae30dbbabaeafdfecc2109300df3db1ff4ff00ff00f4f79db4b258ea825835d75ffb9eafee82faafaa58fedfe08f388005138d38d7ff00fac38c34caca34c20832c30c38ff00ff00ff00fee829aa682eb7dc7ca6318d0089fd96bffdef8c30c38e38cb0830c31cf18eff00ff00fbfeec94da64863af94f4a324a2834f7cebfdfff00f1cb1e35e71cf2c30c30ca0a3fff00fdeeacf47f8aeb6769cfefc11c31c33f30ff00effdefecb0fb8f30c30c30c32a74f7ff00ff00e4c35eb6fa648824959efd7dff008efef73fff00cbce7ffb2cf0c30c30c30e30c74fbfff00be0562f8aba67bd48e1b51df5ee882fedfab1c30c30c35cf8e30c30c30df6c33f7ff00f72c783eff00f82ef3bcd7434ffd1ef9afbffeb0c30c72c39c34c30c30c30c35c3ff00ff00fdf3e7d30ca2b78c3f517e30defbef8fff00f9cb2e34e70c30d30c30c20830c37f7fff00a455bee4fbdb4e30f34fff00fefbff00ff00ff0034c39cb0c30c34c34c30c70820c34c3bff00fe502a9bddc75f24e34cfdeaf9ff00ff00ff00ff00fbfdbacf2c30c30c30c30c31c32cb0e7ff00fac489219f9eb08b0c7feb9badff00dfff00ff00ff00ff00fb0cf0e30c34c30c30c34f7defdfff00ff002b24b71faaefbc34d37e2da34fff00ff00bfff00ff00fefea30c30c30c30c7ee78dfff00ff00ff00fc6987dceb960e71cb4feebcf7ff00d7ff0039ff00eff9cf0c30c30c30c30c30c32f7dbecf672f8dbff66b7ffb0c2c9c57deff00ff00b2c70c33cf7ff3c30c30c30830c32c7ffef8b8a28d77dfbe2f96aa7150e21765955ce3df72cb4e3dcbacf0cf1ca0c71c3df3ff00fdeb7e74ef2d31be8bebc96fbee5a5d8592ff4cf6f76df8f74fb1fe3ab0c78ef7ff7fb4f70e78f7fcfdb20ebacfeef879441447bf10df3dffdff00ef0d3efeb9ff00ff00ff00b8c2a97ce90df6cffe6beb0dfce30cb0d36fddd7ff00f2cb1cf78ffe3dff00faeaf34f31f3fb68833216227f3fd31c3def3f34f38cf1f7ff00bfff008eb3dfff00a4dbcbeeff006cbaf3ff007ca63c1466e92ca2bfb8f7cf31cf2c7af3cd3ec73c30ff00aff4ff009fbe8f0f7ec78df8f61bec4bcc2496caa683af7dff00ce10e30d7bc3cdff00eb1cb3ef2ef7c38c7ce3cc36c310c911eeb8e2f9ed8fff00fac73ddbcb8c34d31c3cdfff00bdefee7ee38b3ff33d73c74c032a8c7b4f8cfacd1777cb5b39433cb3c74ef9efdf7eefac7dff004ffbcfccb3fd7c31820bf0e53ce1fcb67bd57fe675fcf3c32c30e35f30d7effbfb9ef5ff00fc77db8e33f7fb2eaf11088e4365fdf5c70880f3e3de34c70f76f30f20a30a28f34d48156084ef3cf3af5eeca2ca67bdc59a0e7b25ff001f3cf72d3fc31f7dcffeaf8b1cf0d3ff003bebb244769fff00bafba3827713dabba7877e3cf3ceb8e3cdf3fb9cf6b2ad3cfb4ff6dbc10204bf3df21be2b2b090435defb6cb7bff004d7fbaec7cfb8cb38eccb0d3bffcff0039eb847ff8cfabefbee00d430c30c2f96e1f8ffed2ad75ef9c20c20c3ac30ff3c31ae8bab9fee7bdf5ba4be8991df38609a9a5fdb9cf1cbdf398e18f0f36ef1d76eb4ffcb2df28c3fcfbf2da6baa9965ce896ab3ad35ff001cbfcf4fed8a9e70fbad7ff7bd35ce3f96a66c37ff007ea18e78ac8eb8af8e2c3b7d082f65155c1a0dfdff00bc3def9ef2c30e34e2cafbf7c8a0866bef9e9bbedfca77c374e78587185ccefdeeadfbd7fcbfc7dfddfbc822bb68e192f8e9985ba3f36e39f3dcf3ff003cfee7cd32f37fff00ff00edbcd79efdc73beeb2bf6fbed9269c11018fff0034f3dfec833ff6dbdc7df3cc30c32c73e3fce9dbf96a960b692c730992f048925bff0082397cba5d3cfbad7cd3ef73fb4fb1cf1da1839f0b28e9632c130f3871cb360b2feecab3c7ff007ac7deb8c6c924bfbe3ae30fb8ce0cb11078e28c91ce20438b3d50258209fdfb2cf4e77a25abcbef960c36df2ef78e9a7ac0c37ad7f4df2030adc230ce92cae6c3dcfdfb3f2db66a25b66bec9ec9ebb2cae3ba98fdc34f70cf245c3b2d3eb6fba0821f71ef4dbdbeb92db2086db2b8e3862b69929973d3aeb35937507d379f47fbe296c82af7ff00f88209ef827861baf8e096e86faecb28cbbebbfd9492592419594437fce8acb7ab6fc20826b6abeea2b92b920862927832e32f37ddc5d261c7984dd59a8971ede70cbba72c2a8a192cbeca648b8b20bec96def5c3ac7d43451b41871e59a7e52c10f9db3d3dcf38e0beb42000012cf3ef20ba89f7c34f7fc9cd5c71e4dc5184d0e0436caa4b6ca36e66a2cab281c36bcbbd229e3878fff00fbdef34d2718ff00471279d47c9498ac8ad9bdaa3b2fbefbefee1dfcb68ca4f3dffbff00f0174cffc400141101000000000000000000000000000000b0ffda0008010301013f1028cfffc4001911010101010101000000000000000000001100102070b0ffda0008010201013f10f382222222222222222222222222222222222230888e88e488c22222222222308c230f8c4fffc40028100100030002010402020301010100000001001121103141516171912081a1c1d1e1f1b1f030ffda0008010100013f10776e91f5a720156b5123ad44a65e64aaf56e31288c1b606f0c1832c8693cd30c204733c33c5136e264181b471ecd4ab9ec428646c6c4a3323ddbdc6c45aea5d717641d8356f6471b96a869c0d3077b28815976c6c44b6a553b3ad676c71b1289553a95b18c78069ea0408f7b12dc8a18bb6c460dc5953b20d61058c56c1caece0f414c30895a4059578eb3cc0be1d62bcda862137d54a7832302e5511d2989eb1b13ce4c75b0b95028b62419d11728e031de0338d45db25dc714415d5c976ced8675b1b1e3c53c76d32e9832a9d8950d6a38c4ce06a06454ecbbc268867cb1762dbc3bc577674df44359e69e12f6046f1108f5b502a0d1c045a652e1af157175a4f37136c8c2fc1706a06dc04ecb5d31f43b0e83b02c3748b08a4ee0a437b8ee1015c894cbcb652aaa03c217643a942cf686f72eba8632f72617b06da89b3b6895b2dba4c8e102f4885d4287090327464481b125ee76c4a16556f707725645b722109a978541a26888e8d44ae1eef8ec9745c31c95bb1eb2995b128c80766c358352f372295172302f60860460596952a34f59c2e576443a7a22792551b84a138422c0f246ed991adaed456a05944a54b4c312bc12bcb0552e9e06da61d459e2a05a0d3172cd95708eb162c7aa21bc74972ee3dc23b032db9e60ec5f497716e5e428db162d30ee75ac5959b3a7232a2d301ec9d902d8e1b06e2532e3ac5a27611ef276d91257171218e41a8c12b216d62512e8e6e2e45e16ad3a5308eb2e8c9db2b624195bb2b6e62e5850a0c6a376caca605c255b280e2f22e75172b8006f6c0d8e44974c3d4c61ea956d1186b709776b32b7b89b717849d96e13bea0db53b321ef03c32ea0279ae7b23b3a8399d70e4abd70200e936e25c595971eaa0c3a812afbc950a3644b8f4a8197c3d4785872e172f7654a8c3ad89440c95bb1ee05b1a77531eae57c54e8814db29bba970d6070caad800b6648838c6972e1841845da25df56cb9e35be12c95b51972920f7702f60d34dd10c95ac7ad86c1b698caaea547255b6c5a8913255431c822ec4d9d61b06b38ec89158add896c1a238cbca816d9b3a6ddb81352b654b9ae44a812eba8c1a363a671dbb2b723ef0362dc483504ba8bc059b03c4f34f4470cee5d99160af25d34c15ce8d8b9025a4ecfc183d91bb936c21869033800efa95512cc956532a9a23846eb21d510d62d952a2ab49e2de19773b60421137226c77a845b60db3114a9df5c5e6f03b4c7848e4196dc1da363b02a05371d660c8e1159bdcec882532eb8bbe06ec7022cbb28e6f65783be2b39481bb0363841a2a0c7d62a276ecc45d18c73b9503c9a4abe120472565b116752cc30674f548b905c07aa4899960ce9b644a95b30ec13b510a3b92aa168199136510d6b2afb8638984b5954c6cd3703c44cbee5abd474c8cac80ca6e61b626cf7e884aa8772b6f8b8f7670119566cad8ee118e8d8990eb483e1956ec4a2c877b3cdcbdea5df157040952ad819b3c4ac8b9445b292051c11a623aec23bd425b0b7b8f504811ee0449eece82e58d46dd642051b4b0abaa251d2430ac235e84a2b4126b74b8fa28f9419ea0e21ede0274c2d894b59b6593d5b60274d4bfa18f440ca8db0296b6ddc6dbd8a905d1488eaf13d90bf13be0b9e8d4668e040bc64a1ed535c71bee573c0c234c203eae2baa43d96176d6a37d9ef4314f465c3b18a5c33e6410dd616d9df6c356b12ede04ed405f7a941db0bbb13dde20d1636dde03c2caf2d81f961ea3c7598a405dc812ed94ed560b18dda903cd78c8be13209ba98cad81b91776ee3009b485998c3a427b3834d1065df73d3c9c5ce92ed9592f8abec1065e423edac3aae2c1a8b7d4bb62db7c2fa45d8370765ecbcbe3a65ca86902dd95b2aa254484ac840a8ddc0a7625f153a655192a544aeb8ade0e2aa5435976fe0eb93a8c5b3963d4be1205c7b95516c8190cee55ec65e4ab6384b95e5a2254be2b22ef013e6752ae18cbb2ce0ee5a1c1168e2ae56c3395ae2aa541de16a540cb785b65448ce9b9db2a0519cf7bc11365435952a33a279fc3d9950899c5dbc19df09b2821c55b2e5f2cb8771b897c535c9d510970c62df012a984f34ca8ee31d7349751df6e0385a65e643a97b2e05c3dec49706ce7b38ea0d9bc1c79de2a25cea771e5899063022ec1c87092f688918164b972e119e385a6a5510ee33dd951837c2cb8f7095992b84b638e41f0c4c9544acfc2af49544ed9544b5674513cec22c5962e41d081319a84b5f440acf7d1904583da27bc0800e81459eb1e4a576c3162204b2ce985b17bdc829538253ee8e19a0f59879f49eb0169db4fe88e0ee55008b186d2b22168b684f6c5559587a332fc02e7a391035f315079e86341eaae5767a4b6c5be83a2336888150886d3d502b422fa0c1432337a296a2cf947892582ae02585f8625383b60d0610033818ceb85843be6ac9546f712e12e9971275d461f93f855ca892a1d6c3f0095c33cc4893a27ccabef8af0cb7c4bc9791720d70ca951b44e0d2900a3d25b3fc895486ee8fea46c6d160ed8f015e15ed22541dbeb142895b6f66a552824556d8a81d882734ee8c31e24cc5753038b4484de45e98bf162f4e5bc459345d7b2aeee29120a69b14554056f3532c0084299128118a48cd05df72175541aa966c3df5aa13a826208b0a32af72201051e209e4d6e8fb4b3bd7a8f895e90b80da944b28d522a72d056bde41492cbad31ed765dad1e915ddd45eb0a31884722b606dceba8ef012bf23b8152a5540e3a230232f62e4f12a74caad847be06b87495c56cae3c7e156ce8979181bc55437b836c1a37b8d13b21c13a605c0307c087712b4837c77dc5976ecbb86406eda973aea5d93c513a6f8b8c3383a893a32040ac2887755285da975b7ee418c00568b7c84aa8f04277c5ec4fc46e5d715906af80cb3f06554225cf678bcd8900841d9de33c571506bb87e5d3255f091816ca8373b62541ae2e5b05676d33a230279a871e698950e2f8acc9d35177233a626592b2392ae25109552a55312e55b11e06ce421c55cf32e0715903d75952ec9712ccc783225bc1cd5f05d43b97cd57233c4a9553c4678de7b20dcaf04a86e17121b9a1168866b90d41b7865dc03a15c03a237e8c25db1974df52b6e39aa043b8b067c6dc21025f0605f7160c5d845d836c0e086bc56fe3f12f676c0a8f59c93a8b2b65423c76c18bc5d4257e159bf8064ae3c4e897912d8b095640ce3aef961095c3d46051023adbaa018450d153ac09d0f42a28821004757010d2ba52a0d568b42081a9822a21e2483ad8813a0a7a4011a256ac400404246c04ad5801f4893249537ba9da96aa17506a9d495656076f883bd07455c509380a1b2d0d9bc8503eb1d91084cae2986b747da914977731534b226a3009f09191296553dd4b6f478156944d422bd5412b9a15164598bf1646342bc0942b50d0d1d83a211b5edc408525988a2a2d5fa4469489274c38a8c48772b7627e09bc253bc1183b0de09d12efb812b3f071e43955624aa8f7b2a8c9d12f63dc7b890d8c63d670c3d4a12e5f028029963634a31ed080342e29da2a058142bb9494f4082f62da84fd190b084ab41db0041aec1285e79107241e6a584ded43043d552d9357d3c33011ad5329021c074c41ee280eae0072c2c970090596d44d3b041853cc51223da3e7e63e44e2200841560c49a22ad3948ddc07f63063776f3ebdcad492f48f77eb2c4aa2d1a402116db6d62ca28e85d90a085627a3321a1a5687188d42c4932252d07d616e8014d531844812a0cac9e780e4ef835e0438b86c089cd53c18ec4b72251b3b6a5c25f153a61b1ce6a5eca8f7ca670cbe1722782604b252c3d025e096414a17556d755eb0a652e83d3043c101f5a81b78029b7e210e8aa1eb0a878bd5d2bd7de322aa102f9caa583ff22263b9ecc286ecdf7405b5f12e3a5cc54418a902d5ab7821d707552b62916773a21c98c4de3b2554f8e076f93095bc7670c0a8c656dcbcde2a24184adb656d92af674723b2f22dca9595029892ece038a7ccf1b1951378ab8f159b0cea32b63af179ce8c2d913a29806c81014d0f8980e8985747a1010682c47208910d5b645684db683063ca3d4d30cbd6ddbd65915d0fa9daddddd44de004ec8a48ca8208507158d106a0af56ad8028c0e7c41963121c5c09d33cb3a7679d972eb1e533861121864a38ac95bc788913239c1decf12f65704ab39a95c5541afc8950fc160f2b2ed9e73f077a81181b0968234082e973ee50d5a303c40a4a4b0357da35142fb3b6c8728d20109d2522c27fe42e0352858ca8503136d907532c3fb22d62702ea514c5b019ee8c5c75a3c4bda23d431e04903413461c32e1d4e8e7a606c4e0254bc84758690765c4e0d39276cea0fe170d8b16fae0d9d10e495b03848bca4a957bca641bfc4ef8a95644db387232f3387207b92c5bbe08750b00d640b8a055905a1d868eaa5141da85c225036d684bd901475f72f8c5ac6a93da5aa0028007ee53557a2e12d5fbb42fee2ca6c741db10afb29e04782ba97d8267dc1b0bdfcc0aeb9d4aca83c55f354c481132564ae0d9e7256c4d9590c8e439bfc2abafc2a04e98e4ac8f53b9e6a26f15bc5d3cbc0d3bf88d12e33cd92ade08b2f32191d6559c551c10204e9829d461014b49d4104f5c0880106c5ea25391615512c31d1021004161ec33d98822aad5e83547ac4d3ed1e9f11220bd8f49591ef82cf40888aabc7f309551bb8e91839c07820d4be17e0837cdec1d972b655318171c604230e6af8a836729187e0e1f911c232e8896cafc88b50e13211c37f167c465dc605caa6c8364bb96bc846d676a17f14c7018b31c817c8fcdc48d2039f013a80f510c4c008252116b2ad4761314a297ac3b9603cf4087108c7815502a788bbc55ce9bb0eb61c3df156430a8f04955cddb4f5cf6f15e5840a385839c1b84afc3b78657179c5f37c30fc064495c566c18ef0425c61bcd6cba8f5912a0f01e1aad196a1f51d90f5811ace18a03e805283e6fc602c40d85ee24b49d833b25f101588f51b81b14f518d0bdaa5171d4090b05d1ef11d5055833e516a1d96c100de96a137a328e2d126f773badced9572aa5e444ea0d77cb9c74f032e8a977ca425717c54a841954d9cadbc3af17c7c458463c1c2c5d871e62c36316e2f965cf16ca60dc7961132e0df7125ec62566d45a298152e5a1b645e7d624ea7709b0204866436d3de01ccacaa8cf3078d2283a7a3eb114a8580414dc181a4ae2ad3069f513d1eb493c0a1630183a48563ff503546943a30268ed8f90ca02ed3fac4480add4c3c72682747586beafe1547017ac0a97591d606db120ed118170ef8ea74cecb211e1b097c5c1de589c76478a839c253c2cbdde07d7394a25d70950325c7a89c3ac0b257138a9d19c75df0970c9dc5de02b86530476102df5c08a29a5541e66d4b55ad916c2a54b14bd0c7c0ae09d36c18b45b046e3488b0c180c26311a4e984ad5a6a9a04d23596aeafaf54ad95709d92b2564489b64325ca9f3c8577c3025d3c1173977858c0fcae5473a875c77d704e9e6ae3c5c1c819b1c95b2ab8dab83670bf855478ba393a87a1cb15b2d62557d0224801160f0c7016146f4446bb7a07744b6cbb6072e028303505cf78aafdbb6debb624020163a7d4a8d120747cfc4441b8048c57b6b216d1b72d4b1a0b18baa067688a1b4143146e5e942d12da958742add1ea5dc4e160c18c7ae02b93934811847970c9d91384e1fc2a7c735b17938ab95cd70b9cbc3c054ea544be5e1278ae1632b65530d7d25d31046a0d0f0317c7c43460b4cd29e86a0760ee62816a53297592c9a22ca967bc0810074131dc0aa12d814c5a2da0208965408008375121db8391a5bc1607044822588d7a32e5e6715bc1ead82909418801a63dcf306e0541845fc4253f8d6f376d1c79e1951e0e0c6067012e9e13f04db9571eb8bda25cad970e0972e9e2a54ad897b971e08a3badaae2f49d835ccaa23b32b48140b8552d86dbd3d3e2082949d2fff0011b5ab5d9a18170134869b8454f3adfb4a8d22207d6c488d940bf72301494c5f44b6cd39174af9f68326ad2ebf718a17c00d5d531913b869688b627aa6302b937cebd32895d4a5f654ab1b0548f5548140ff00c952286ae52a15a7a81ab655577a17e42057cb05084a18b9ea486bc1ac069b7a7018f7906e5d106e06cf660c38a8bc5c5aee32e24a834cf9e5fc1e2f87be2aa78e532f8bdd8bc92a5c4953a79ab8e9902a07ac7be2b20c4c955d4b8fab120d7c24a238f01156c26f410ef2343a7689a0e2e8202d8446eea259a0cba4a0f922e18418e3d22eaa16a20b2c5aaaadbd62166a540029d2882d8f51dcd9ee2c2edb0c3b8301d99b17c4e607a4c8e0a436c00601910bbb81f30607e0cf393cef23061120e7e699122ecbc952f65fe0f55c1870c23c32ea5d92a566c7a846798964ab327640b276e47b949065ca86991d89b9353eb886a7c41f26145dd16b325bc1b3ad84e841140f8c2c821d5f17b4cbd89b0ee0ec5c970d25d4b84a9790385d45e2a04a483506e31c8408752a542073d448944be6c955dc4d87bc7f1232ea0d93b38eb84e523bd44c8b2e5cb97c5c184ef4977dc61acba762d832ea77989376e87c50b48a2c4b21baa9c0bdd37e1254126ecff28802d82ae5b506d411aec181bc25b3a633a66f8e2f67983517230797a80ac1c9d724654afc1d618c2254ba833b2571df15bc25704ad84e98372f7f025ef3d903394e6ae0c0b95c57094c31955cd2f712bad840dd802d403cb0a0c2d41b0e14b44c5e680ec8594f2a914d04aa03b3d48014a1d7ab086b7eb26bf50c2d42d8eaec61c0cad894ca8770ea513b64ae4e1378dace4c2186f04f1c0ef0f04bae1eb81e46192e541a25c1afc6a572c35952a9e5fc2b8ee76c73a813a6a2f15c5670164bdae1c835baeee02966a5251e8021d8c056434eea18ac8a960f21f99e7df5571560c0575dbc22028faaa51524c033e30720dc5a7920408c20c959f91c19125c1be0e0d3862643ae2ee11321c5d3163a5f35c9c79840951279e3a39ace49771c288992a747077512a56dc760c1b89b2ab872303204ae37a505d0eccd6cf76ea52109525352f6969d8f44b13452e96166c46002e48d54d46c3d7dceaa76194202d2c76c8b4a052de086a22ce47c22805a12cc6a0ab10043ef040a3c237fd25ca5d56fd2e58b4229e061d6c5370168a0f79e4c3b1da3d5a8a82a209081f2d400d847c865017a29035f4e005ac04f6302076038b25d780b6175a540130b52e2a4c0209753ae0780fc6e5e43f01c9d70b2e5ec38b97089c570ec089cb1738be2e9fc7cecac954c780c9592e0d9918837b3a57c4b30a8595a125ee500811d07b638084abc1373b2ddc16c252b5cf810052a543d4cb2581aa17f274aebe22a8cb05ab85a8d91dbd643640a8acf7964ae293e4b225822917497dc03189c6edbd31d5a200e8ad81558267d9eec3d7d356baf58ca403bff00246ae12ee68f48ef011f02a98dd444665230586f21143a22f6460c5d59dcb0a54c13a3de088264961977127b3a830455580612930d683ef16fbc229e8b2766c174ee13cf0f50ea07292ada255e30299502a57064adfc2de2ea0ec3f1381dfc5e12e571d32b63c3c2c5b205caac7838f32ff41141476c4580a19aecf681d548e9d0f787446a08daabd4f245db6814aeaf9ca31cd63c0e7421d28d282c5a2d6a0557c162a205811ec624634d81d427056923d62c23051ec108934784c808c0748890c63b2aca74729800000194702880b63b08196fe01cf9be6f654ad9502544952aa798f70656f152ea2caa21c113f0bd847f35be18750f538588cba210676cb2dc001a129169202eaa217b174afa255e0765605e26c0a298c01553b6fb86adca0ff1037b9ecf7050d7ee242033897c170628900f87b44a45a1e44a2a64b1abbe65d5cd663e28a8464376c7c624285177c293f048cae08f35b2d86f7c30376542541e3b39254ae0257172ee32e064785e4eef8394d9d11e2a33a780e1970dc78d12a5c661123c070710e2a51ad0ca1bc22af6583b47cb15e949c23b16bca4004eb30c81be14972b5ab165941452f1e290e103a82c7b464a23d4d1483094f04ec89703362465d41fc0736192f61c067e0b90e523c55c7b9e7f0bfc5299e797ae6b838f9fc3a972f8ab25cabe2a7ce12ae12f8ba80b96081728b5fd5c6048aa8aafc2033edda77157af7b7e61e66275fe42321d69d095ebb5bd1b666eefaa1e63a8bd42bb39c529abb960bad34d2f57fb889a052e1c3a0f11107aa45d400db66cedbf2ca9e6b9761a4eb7f07a95168e4e2e1a642557e17441b83063adf37b3b674f07013cec65c255ca95f89c1f827e1d31e6e0ec5d83bc5f173a97ed853425389b52fc3038378bb26d4f93280405ba25df72e05a558cb22ae8f1d7b409085bd3cb0760eb27c8d5fcd422c262d111b37a050dbfb308983442784966c2f6a9882ae9e51800a80e2f8bd812ee5cbce08c7206f179c87e5570c953a204739aa365704365735bc319552e5672113390c832e764ab62c189bcaf17cb094935a0428faf4015fa464255d2c195292f43e0875289602a5b01aea4c2c062a120fb9d352f25e42557236c33ae7d889ca7e033b95bca40e02b97ab20dcbe2a240955c1c2e479ae48c61c5c727c4bb871d6c612af189178212e98c4e3c44c970ef65ececd86c225c1a893bb81ef31c20bc2002801e81128835032ec86c1d77469a023e125f5d8085b0b3788ab3e1c564edd97bc9de420707092b25707ff008744383b9e793f118f3bd4ae0e1870bb5f8ba7069b0214adbe16a318eb2a543627034f3572ea31953c4788d1c27d8a83e686ab4f946f5e534f9e444b3494c60dd2cb0c2880a1b07c8caf107c07155139bb210605c6567e2c2308c5a83717f12ff1b97c5f2f045dfcfa7859db0ef8be6ee27e6302318ef17f9dec1a363804516c07ad14777dd84bc514b3de0050504cafa0cb58eac5aa456ca5fde6b6108812e0715184be2a0c6102553c5c562c3a0d612b2243b8970225c21af3df370dc972af925fe0cae47878bb8f034d73d1cdcabe17f15c871513863ca6c0c9d99097e36b041506afcbd0404010a18b91288f49503121f56e37445f17aca56b2013a707e275c0c18b2ff3b9752f38230ba8151782044cde0ee04097c279847a87e21c11fc52d8715512789746f72af936751ce52751e1973b65513a679b8f792ec8150e84a747ab0a425301c65b5940c362c34aaeaa7664be8ac1fa891c01236a100252d4557cf09464197f81c1c3065f07712fb891ea0476245a95519d1f93d707709752e1f910699dc49790e6e98016254b8fa9c5fe1db1e19592e3dcac87177f830c7f10ae213ae6da23e1cd20c0ca85200201a0bd1259ba4a9d5ca87d7236bda6169eef7f3c186c5a676f03b3b7909d1c2420a4b9d9c044fc2ea0df1593a781b38bc9dcad9709d7e172f962ec1e1ef94fcaf91d8f0bbc5c4b8c51323c1c18c5cc8554639c2c4a3cb34cd20feccb83af68dbf372812a0d3c7b4099d20d74ca2a800a2169015e457b61bf830e0d87e2912c9d2541a830979c27177c0570755c547bde6ff049567e17bf85c232abf0226f09bcb2f63dc6747159c2cbe06308953b63c1d547393a97033d2478a102100d25ff00897464069f00f0c09e7253a83d2348bb06c839ca26be805afd11e3854882c3f0b835073965f172ef1e52557e0f7c1c3f875c2438a81c05408e721c570cb9764656f3718b6c0e3bce12318449e22d46744ecfc178bc761843838f9180d91a6a1063ed83eb54b2bc84ddaf8951eb4c18a8f52dbd9793dcae442a4002db7de1ca8341c6fd235c00a81e9c592d486ea9d82daf69498aba1645159fa8a8f045d87061c3f80cbe2e30eb93f0f35c24338aa9e38583f80c78b81c5f965df2e715cb92a54b9599f85f233c70cab84b9e725d93c5c18c116da489809712c1ea292a2a490343b1880e80001828910b0e91bc11dbdbc40caad33da20a40a4a851d83a07a80dbd0ff0ced97ebf875ef2e9b96ddd61f3072ce2f81dd975065e5418c58422423c1ef3ae19e211abff00f03a871e611c96fe156caae1dfff0025aeb80952ad8e70b99f80e4097c54f17c31c378468257a36a3dc565568afa8610e1781b20645c84b8caa213c724b95e4de0e2f91952f6987030c78abfff0011dfc6f65cb832e5cbc8703cd5cae3b79ab39ba8b4fe551ce5ea18c58f72e25ce8977a70b2002e6cc4751f78b0e5ef959db2f38a812e2e4b86b92a2c5a2de3a7821cba7174df17cdef37f826643959719d91e0e6f38aa9d3c8dcafcba79ae02554bde186cba9d70f1551e0232a2eb7b94207ec65db9075ea84f5111243097b96477649462b2c1e98902741f316de069ae7b23d4592ac947baeea1c1e460a404f60cbbe2ee1c2d16e079602b67bee2d978f202c44f678b96c11e91f8676f067e2bc313848390688f15023edc92e259c2c61c32ec8435955c5670fff008f9de0ee62105a5105ab16bdb40698449b7bdf44f30512558b76a16982dfcf446ee3d20aa6e0973be02c0837b90a0b1153700455d291eeb0b08cf685efa500d36ad8b60301154f58f2c0005da5df682a2b86078e41a2ceabe798428682cf9628347723f14ca4215bd4f951c5b4b447cb173ff736efa239e288ad6ab80920008b3dd07006b0f5fb4b1f166f23e495dd4bb202d1628a828582ee08292e9e8fcc42e260a01163e8bdd01ec1c216ca6aac2d0b402a69e191e0973bef5440beb4afaba8b9f65ba6989ab5a66e0c1a807d65c14915222c7c4296dd3129a903df6860cb8b1b8b8092da85de88a27763a383145cc060413710c17a158c186a2bd2fafb1646eae682fc20cab32ad67b93a6d2e980bb2a6d1f24a643fc01400301aad96d8300a79a3697f136a88765ff0012ecc102d775a42ff0107dea51e05559cff30803452a205f17165dc4a32241b25906e571792ece3c530c8bc7667237f8bc2458612e9866544c35f09289942442cbf04b7d0c536a2c73bcf2c04e4d63d52d20f42fa7d62c8c4525944e2d80b4daecabe11715d30f796b2ab62f14f291b46ee15ec2ac2fc107c4a38c55bd1f0451d744df57dcb7566d274f8236b08a3651e92f801469228b2a9b5f8895016c1d995cbe20552bda049428ab1f74283556df2043337d5c4077c0262215ba0f37711b1cc18a268015424b3b1797b750f3922c0fb4517a943d11550a8a367a3048fbbb65f6456941a4e3ea8ad14f1293bdbf2afc7517052b6bd8e6c5096a81644baaeadf0bf981000ddad60380160ec5307455f46041a021087751155805ec2792820b6e65dae2956c2a1bc21b1ef2c0c3c560895ce49b0f487dc45d9ab7bc01da757d712197e9aebdd66aaad30ba5ec853f4a29ec751531122829b6465547aff2220555ac15c1df1579138aa65f176f0bc3c5e7e1d12ee76c4957ca5bc1b3cef16d1725087bb022c1d5c78f6010302b8bd24aa94735541e1879c0b5e90013465d41b2d84bf045fc13234544aabe0ad800c2f48cbb8a22a01b6f1c801a7a9db3a83134645e85840a3af919654b6a69e9e3b22825a0b80b06046b68a7b60ccbd8c116acb38731833afc08f1772b78160cbc95125572b5179bb38ba7948e73db3c43839bd845e0e025cf318f07c60d82c8aa8146f71eaf720941aa4561d48b6b60a16041dd1aa8112e90b609a23708a899480ecaeaa208d74c15a2e404d4d2aabc554374bba9e7d950e9f621fb37068ce716b08668b0168abe2e145a058d1a7660076d739751468bb1d62f5622340fb0c5ae6102759542da1af81bc8aed5770100a8c2a3d054f50eab43b11ba86253411316582c542b0ade20dd7715096c55af8945e53c1d75008c443c13b051ba45a57b411162cd7eb18198a0e4da8528d30bce5530cbae3e940ac8380112a687ccb684e74540b4100115612c7743e88eda068daaf2e500ce80d5e102c4eac9009895f83cc0ee052c51f52f9b65ec5fc6ae5e41fc12547633c42264b7f158630e2eb8f32a789f31ee32e5cef195b06015f10819809418cab94d5034c2b04e942010442887444524b03d4aa30da228a95c7a61528a0a2f8251ff004ddad7c4459de12dd9e9b17b7173532c44ab57d90e0970f43d253859a1a540a0140bf3eb02229917095df7858b0f0d45ddbaff00a5342d58583d10d26a603d3de03f4ac3d22460b0087a400482a47a6922594d23023d560747d6095212b6510a5a482bebdc10d12ade8f888848ac581f58e052dd8745e498e3bd55acd242b42bb0103029ec1e2000854df4113a4505167bc5ddcc2be88d41cb2cdd9a774d95aaec71a375290a026c6288731052411c33e07f480f052f5183050acbbf972b07825cbe08c3a8bf8116b8795870cbaee0dec5d845c8b0e2f809f3c3d592f80952a98c0e2fc0181687db3fe2508c2cce7cd22f66639109e04d880d44ade7ee503776fca88ff6a1e47db8d8e8f8732e5bef02f5993d32b107f9267f93b94e7f390f0fde4a72ff009a9ff1487abfea0bb0ff005146cccf225ac801d9e73cf2cb204f8639dcb468f2fa43c8dfd26bd53d133593dfbe64f1c2f6a9f0e1e19580f2ff002e639f6e639f7e157f7a147f7257a8fda1e4fb12e3fb10077f7655bbbf7956c7ed8fbcfed2d7f80c6c67ea8c59383a1658c4fbb1433efcba5ff322f7fe7cff00b6965c81bf20627fec253dfe99565c68fab047adfb401dfd62e35fd655dbfac3a5fab13ff1a5be2fd913eff5247d3fea5ffe027c7fb0415a3e5a25d745f820ff00d3083cf58ffe540ce58bc0c3bfc2cb8e36db1bcdaa087d2a10275f210582d56a565540ee0001836ad80b84dcad3755c1178ba86f72a9cd2107826be0839f1c040ce0e5624a9a5e88d45a1aef75b2d02814618bbca85ed078f1097bc5c60c22c496c17c4738632d951676cee1e801701f3ba0ed69060005aa082b28151d866b7eb724c853209d3d48b899028b3da38308513ba80021d60fd22e8d43cd6318b4fe236c1a25d91465685b42e1d5796b5690f9697d7f7cd6a9f69f35f0cf0577d983f571ea32bd86b90b7fc901eea29b0bb18dbe10a6fd10422ead15308216e35564ec1205014853a25457c6c7e4b95ebb9ff351ff004d85ff00d595f7f5a5ee4a3fd7a3febd3fe1a1e0fa50f07d38367f1e5b4da975f465a67d59675f4211c3177fee23d3f707e28858b6a3023117a194cb0d0b40ee9b80abb856ba4ac80d287d2ed042cc16f033db65bd188bd8c47d194fa302e072718f950e878f32f7f0626c5a89dd0163e3da271a50f078874d5acdfb540ee4183ad5fdcbf50423eb5121d0b27d18c6cb0af6cd8b0a0403d5c1daad0ad0be80db07f825e72b507823b0ef8ef3d9e1f305bb7151e2ec9df7137a20532ab689426045ae9ed4881b917ca8425501aba313680f852257c36874e4b3521e191e964ff8e8dba87c26bbf5a53d7d496f7f52377f4a6db333d6c4aeb12854d5f5226fff00592bea6c2a6da03fd744ba935b80f048ddfd53fe74b0a7ea8c8d6c8b3c305e532bbe5d903e810f399fadf337ca7c2cd3bfda28ddfed1b2ff009b37bfe7ca3a3ef9ff00d143d5fb63eb3f0e344ed6e72fd5de71c5ee3d71b97fc9957fcb8fa60b42db7c567fdd25015d09834f1d29882a7d47461654ab48ca1106db218b147c9240fe843cb6fd204c6a5a90f47f481f707bb7cc146ac34e45a531a264ea15385717971663d895c5b60d12acee13a65ef0236f2b03b8965208f8481531b42a3a9180fe0c76b5f97f70500ab5e59d3f81bdcaa839ff00e0efdb7ff12f8487031c8717592e5b107da8317a57f12b91cd44e4e5c9b37ab476af911eb392799d91544150ba22fca0a4f5b4a970dbd8bdf618550d64f88eca418ee5828c66207bbf4979601a2fe8460edb0547b68365cf9446612080236245974c5aea76c761c0e92fdae112982508cda6346ce7f7c4b7e07e90f41f49e98fa44fabfe905757d61eabeb0f59f587917d23fe8310002029d609d7d19ff0b14ef0646fda7fdf21e71fd91bff0094a9867eda82f7fc33f470ff00484ff0804ff9644cbfe14ff5e27fcac156fd38ff00abc62ddc78e477fd286766f4cc81a4613771b45b2fab320efdf8f983fb4afbfe48d57700c57d907f40a2020405991c5feaa86fb51f593de3fd4bdd487e94ab6ef2b4b7f9e0ef4fb4f672b2dfa187ae42d8d25c0610aa2e8867bf6417afaf0ff5f9635fc39ff1736feac3fd561da7d597084dd95ac7a557b2cced0141e8884add49076b12b19502a41f07094d07e489a6768962ee1d0b002b05118ca6557176c7a9aee2d613a8b65c3b3b29c56c5aee79e02044e10b9a159479a50575e92c5d512ccc16f85eec4029480054390955c113f03826d7d7b7e8e15643821d50445c2aac96406838bf7f98a8410d815b0db550534f022b716be70976f9264106016e2be163ff00bb4d771414ba550b4cbd9708eb2af803c854a1ca203d094f01f501b1b1f1136a3e87b10ff4d1f3ccc900285ac21610f9489463da9363e48844be0a73b623a7d31aff00a22c4fb844c58029f760286d172f760a82a7c0b3d9c1886ab063cd047821ab1c2a535523d23ed81bdfdb1a7fab94edfe8e3feeb0c2e5eef1df536beb0b8f35b9c0cbb8c1c8b9ba2c1e93a2f7a8c3a4a04bcc448885a27de20d93ea05703641d83bf8de4bc8bf83baba1cbafc1fd00582b0dc5974f1378fa2543dfde0db7562f7eb02bb601061805e3e412f00349d1e87bca6df356443f4111d128346e8ce0efd0487b41ac5515f0233b78b87171979c04bd8be863bb7be238b35a1a721a82ec92c3f233b148a864ddabb8a0dbaeaefc7b30638a8b5882ceade620548b783ec619ed2fa6ea9f1095dbdf45c5630076fbd4bce51036bed15bc7681b573088ba12ecf6096d3a587431e3ccbda89086b4c5b78a640968f99ff00248094fd087fae4dbfa32a7fa11b317ca652d5feb3ff009183623eb3c34fa4f44fd60a42b8a60ae341aa4a5e9f483aff000315327c7afe27ddbe643735f597c33e3b094ec08b200767cc20e4f631818fdf9867c6b9ff00590bb8b7d8cf4dfd603d5f58ed8d7e23df2becff00396d9fcc698a5baafcc2e6bef8c73ee4f5dff6886bf7e26a4ed0a3fc4a0b850242313d922978f917be2ad17aa7a827ae3eb3d73f587a2fa417b7f59576be91ff000021453fa8ca7bfd4267fd08817a7da0ec7a1d43cbf2012ffea4b1b2b9d9fadd5f3293b9fcfef9248e482b5f128148f0a81bd3022cff007c4dec3f39fdcef731c7a0b06a281942953e1fb4db3f7b4bbb28fa8c44d4743296d6245a507ea5b642ade6f116cf353b9ea72705cba956f37011806aac2f6c0427546cfdc306a2b4fd52c3d3dbc90679a842184256e73708313876fc445aeb8a89040eba1c83beec2d1efbf32c1140ba0d62f7e3d48dd52b8104b4074f442572479758e30795837c0b67b47dbdfe061ef2e9aed8b068100b7010f9b7c45d55ff00ce58f7ff0001949f0d7e87bc0d5450c819d507c843a20e0f040e915964385511a3da11203b6ae553292eb28ae928f82227f4717e9072e205f45026753cc077fc92ddb3ee281d92fd1125e43ad8772e12a58a696db4bc448543d29fe58b804a8b74b2fb4fbbb44d1a5693a7da116769948f4cb79180ca470603e8cab6a53d5301f4605c0889e1e15a3e61dc49d12ec83184ab10b00fd50a00747098400135748d4497a5282fbad7e4bc5dcb025cf1c1160f0e91dfecff00d9e6e5edc65c38b30a7d3de5fd08503ed8a0db5143e6200988f984b360d1e9e1b80810f6ecf8a61fc11e888415d8255cf068b4800809d831e139dd919135ec19e784d8c1c83952a56ec4e1d23ea87ee80d8d6ff823d7c69ff521e53f6c2abeff0028affbe1eae5794a93eba4897e898a72d5016055540cd96339406f72bea58d6087c927ae5dbb5100f517a041e5a7f323d01f12f607c4a933f967ff00470f0fdb813ff8a9b587f0a02e40f2ed7abdd1e921ad503f10ef26293838e811ddff000a1eafaf2ffe9c7adaae8d7ce56efd79ff002d116cb62c8d4af0156bda240684c85ffd042cb3a0ca46c1aac4583a827fc24deff999855feb31ff001cf95facadec3dc450a97c47ee940bb582070cfdf363fdd8130bbc47d622d9f530f5ee2fdc81f0fbd97ee3e594793e14b66b0f85445413d0a443d0f78a6acac206345cdbfae1a7ac00797eb064ab8f904a4d6d780c7fd462f8057841b5f8c10efd8f7267997b936dfb094f522ce8580f73ee79d80b1d06ada3638ecab382305ce8e08ddec0b20a5f4195d77180575ea01634d4d68788e98028a87c4a04088767a8f938361ef2ef81ae6b8b86f1e53cff00e8fe195c63603c51e443262889f0ccae829d76fa9e58aeaa8117c08d77da0e67fb6062a495879814c51435d92bd18147b5f10d985aff00e0c6648d1895f53f98977c32f39bafc086b9367e8ffeb870fc8ef7ff00807ab177a25053a7734d507c25476e0a92ba95469d3afd202a5a7e87708a966a04035c31ecee5ba5e64d218362a865a62c821dc4e1eb9f89db2a543d3c5f24b0d7ed9eefed2dda13d2817ec2f7fba21d87cb2b69b3e616ff00645fbfb215dff24f57ee9ee1c588a62ff2c0fc0478cc7b42a5703837f923540d9520dd24364877301d043da2f93d791398af6615fea41f436ff297b9f4a78bf85115353dd4041d96aeecf82205a6102cb2805dff0004177f9a0f33500fc528f4180cc4e10acf18bd0c17d2242e591b9e56c3f4c8d8a4b185aba0080881901b02f46556a301edb952b391a9791e15f515fc72fdf032b7961101d76976e20bbeed185588224e84a63d6ed1167c31296038b6caa5514a807bc08403028a289ad1f60823a5ad94af66216276fb10ef7a8bbc3d4bc8b517210c65c161ea20d196907c992de1df7181cdd4c7194555111e098e4c0606c8e83cc487e3482ec94ea744a83be27d93d7f9585b567e30a7fab1ff004d8095fc58af7f561767d38b7f853c9fc296f7f5a1fe852cc7ebcafa3fd629955bec7acf39f5607d7d68bf7f5e5fbfc69ff1fc6d7d85437e89ae4689d6d532e0267ea596f67e153642d003d58a167a52b4ed25db64f878c3d67a9a8f1f64b3fd9293fb51ae88838295929e995bf73dfc4607fa51f487a491ff007e4a37ed08d59f4136cfd86547f467a0beb1f02fa4a0ebf48f8cc91ad94c8ddb21fe72512896a1a5977101de27d56fc319a60be9814e45f4cf7afe2e7c3eccbae1f765f91f76292c3eec1b951c961fba7ea05408bb3c64216e2ec9770d6a5542ea5b11ae8a96e7bd63b7eacbd11514eebc92e56c061b01c180a99ea8781a325e70c0c952b8a971c1b818f920d31d836c18f012a8976f490034571753020c1f641733216f037e858322c03d548cbbd2e9f0c0811844e56b8365f1e61dc78fa4bcd41ca62542746c18b46459291c06d422ad205a99b581297f6237827c4f932f87e2faf31fd1b85f2a18cc5afb309c58d6896ab1701a1f023455855ea43f4a56cf3c8420ec77b850c86aba893577c490c673dc4a2fa7e72093d07cc175b4fc935afd8d4a7bfd212e2ebfd417992d2953613d316870ab54eb9a7a481d17e1c0257f2e212ff9531b881f3f6b8d3cf57cc168950a645393a9d663e5fdf00a779ed00f598af22bcc061bcf5613ac6aafece57e07ed02759f2a7fd1c7d3caf64769246d2ec4878e3a57a886bf64b3a4f860204565569832803d98ab9212827506500bd3fee17d4d639fae06288052e4f5e60736f982bd7ee297d914f5209e666a757e7ad6e6de5ca5eee1ef13d984707c23b280082ad52500c0294262ba0a28898c95991958962d0be56f8aa935e42553df021a02f838ba8b04a830eb20dc22dc0b7dcffd32b3790a65ec20d131d78be1eb20e421d4a86b5f2a2a24d4a3d05b1f2f85205774f54abe2a2c0d8b0298f70c25709712fc88abd1ac1c8b065b78c160efb65beacbdf6c55f2c5fab2feed1f6821a5628ed1b2ddfbc255f6110f6df24d77890b1d67e317ff000e01dfd78a1fd39ea7d39ff3702ee35fff0002077cb2dc882e18468c7e58dddbed0ecfe2e7fd9cafa3ed9b75f7c29bafbe57834f772a31fb6070d6d4fe5140f763e79f260fc4b430492bb6c03524590ba6abf3015064f1485793632a767cc3aea9963cf758f5ff00047a4faa10d2554ed75551707656c65cbc97c12ad95e081709616ee43c77b055de99d205ca881078600e80bee89746c79b84ad897d4a2545c9751fd4cc87804655f70c83cdd10e2cda3d2ff989b9b06d35adbe2c972f7381e16e0e4e8832c89b3a679c836c543dd7f439497b2e89752ee746c030e88bcca2e41abca90a8426d3522458357f1166b0daa5bd08d0918244cc5dc0505dd8a2bc8c0c6e6e44c5e554811807ba442da02a34a84ebbc81b1ee52f045899f15d5b51f07de87fb2cffa49daadfdce942bf4cae8fd1635f0df9609d5be14b1fefc2cfecc13dfdf9439f7603e4fda5e691eca5067de8f93efc40b3efc4cd7fde0bd7db82ff9731fed43a7f91116bf9f35da7d9c289cbc8bd443da7d5e1b0615455d62cf60164041194c9cf2457a87238437fa02645c22056d3f6c367feac588c1592dcc0aba8b1f769d2ddd468d67ed0637ecc0ff00b929a7ee429a99ed9f307ca7f32f5cfbe7b3f7cb5f17ddc4315f695e34fd3c7a6ef140a74fcb2ca1b82fc4f865b05cdff24b5c7f867cbfcc1bd7f99e9fdf2febec8b9be2a309b89eccbe3b2a2305d9d84a11bdd0ae8a872967609ed2c4eca94f5258ed9513669800ca22f82ae5d9168b659e6b81835a41870631d950c78bbe181e1812ea5c197441b9e230804ac968f092d8645971833cc39360ec77f1f14f1e2241977e7861a41a65a75706a2e641dd96fab2db8af9ba8692b204ace88857446db7ea8af7f54602fcfe14b72654936c82c9162a42cd816cfe39b76fea699f5c6ac905e12ae845b013d33f70f118b65ff4b1eab7da1dd7fb4bdc3ed8302b80db792d3062dcaae2ed97b06771656c7be0612ea0ecbd8b716e5d90725cec972ed8753c54325641e097b16dcae023de715c5b0892d957af3d183c0ef17bcde70f3706e79977c240e03381a8bc5cbbe3a38b811ee5d11d72302fb86750e88752e88b62dbb06e2841b787a8423c13674cb97b078ee7512c8f50d81f85438b97c56ced867e17cddb1d3839e8843b83b13657150784ce2f380e2b848392d9f12ae5e5462f961d71d9060dc5ce133892c8316a1a431a97076e2c719752f60ec1a3925dc1a9772e8d82dfa92f256dcf17022f06f72b818cf661dc65640d8192a54358bb3ae149750e2e8a95181c53038e98cba2ff0006564bfc57ca5c22f17160c7581160c5bc32391655c5f8a23087263028a9d1c96a12ea5dc1a60d41b97b72a7441a3227e218347e0346cbd83b2b3822461b186c484f190723dc095120d4380e061c76fe4bc79d971c2265cbcfc47925ef0b30c5bea2f0bb64b56de6ef8b9db1d65d30624500f2cf5f5f10b26dd5490eb648900e36ea7f2c1fafb21578be679bf9e08d6bf335a900fef8f1bf7c3b5914ea03cb35cd0efb407fd8cf1cde84c743121d5bed0a3a6fcc21056e443bfba1d67dd28ff2419bfe4804ecb97ee46cd590725cf164a7a06759a313d99b5d7290699e62d3160f01e2e76f3772e0d34471e13212e0df03162ec5b60cb8152e5db160dc5b812e746f0f52e9976f0ee107213d93acf9ff00d8976dcbb8e94c61a40a6a894ec12ddab37dfaa6be4f6207fe342da814ee7f2bf462050e007213eb5530e9fd419ff031b37e9cf01f4e7fc9ccebf873c1fc39e0fe1c5ffc79ff003f17ff001e3feb715ee4c7f8020aa0ba1f33d187c1451badfb2c17bfe68faf95f8387aaa2db6cb29babe27b6131ff7207d3f64562be1dd5b22d947d139ebebcdb867c62bc4c3ae9f832b33ebcff8e8f87ed27fd0265fe19bdd1fa23e0fa72e7fa310cbfd214e2faca7d5f2622252dac82e8facd76546455be2a83fed9a1d48a32540cfdf35093ce64f1fdea5f5fe36512cfda30a1e71c56fee60dfe6cbe89f76078fdcc4ff00cf1f04c8bdcfa0c05bdbe637b6441d8fee820c77eef20f865db2a9976cbcc8611e069d951a59fab1814950dbd9532ba1dbb10ac171e1fa40895585ebfccdc0d54b25182cfa961658342b62b781c95065c25d418cab9a0c0787ae1de2b81953b779373132d714cb0773a22922bdaa3d7104962b1b810ef22c1971fc371720c5c98f6dff00c4bb819cb92a98b73dc8b72f679829141e253b1856b24deb000baa260b10093d20dd1d9c480d6080e005825b29407445d61d0320eb8b98f06b7d1097017a07c312ee6a1fe663d10e5b21a3e2fda36d55eeb829fdf83e57df3dbfbe7b7f6468bffde05c940ae6f14042681f7d1d589c65407717005823816ec447a53d14ea044f450b6b09634c2a93287ffc2e16dff34debf923105722fa41e768f787a8c57480e63be63b66240e99107fad1590a6ff009a02fb3ee52f120df492b6334542ec3d9185a8da21d54b0d1548e0391461f6c2fd180f15ecc494d6473b95c27939b9561e7ff92f20cbcc9d92f62c5a25d3060de91b2d3befc4689850237e913ca4985ce9544e83d90649447cc5b55abfa32e44b69f620de401bd91636a829a8f955dc3d1276f01b2a30c25d93d56dffe210ea18cab73a8774dc798dc61192a1e6f506d40f3687969d2472b4159e9541eec162ea5cb8d897078efba618aa251e89767f171e5f173e10e393e27d27fc1c51afe1c6ffeb47fd0a3febd2fdbff004963fd78a940dfa48e544f37d8ca3a21f762fd90f9cf45c8f1b93eae3aa6a853f4093d507c710b7abfba7a5f7e37f5fef0bf7838509173098a1820fac57a6348cefa67a86cbf38b80567a13791b7fba1281bfde457fce47d5feb890a469a043c2440fb8043fd492befe825e5b97b11c3e1d46ccfad3fe422bca1d8749ae6fda6beccdcf493c0651f1947fb24b6ed66c6d856e74d1b05d9a1c0cd9790ee5df5178ba9746cb9750ee2095427b91957552c52f95410585ec1356102c44ca5d3a13472188c1efbc5f865d12f21897e49af95fbc6116de6f61c7787036f09b097b5d71df06af0760df03b16a5f01161293d195b12e5414be93572a32af87a892896f12dc09588d8a5434381fba6430ad46df65c775121da2c5a5a5a0095646dc83ababed0a4e15290b0bc09903640b76540be1231204ba72a511ab63487a79ace9f218578feb3df5fb18fa5bf187bd7b195f7f4254efdc441dafe485379b37fe6b2678ff5115defa1516ab368d540f1897ec3d99c690f5d828765f2e1feff001f281ea3839d0fda53dd1f770ec1fedcb731fa65cf496b4c046a58f8215dd5fb8b71817cfb4f054fcca6a6b789f10b367dd2dcfe58744d5a0443b44c877351afd2e3166ff3c03d27ee52f7ee80aab259a89a0c1839161d54f1b2aa559729269add705dcdb85c726965d0223d5244495b48f016f1551625c24ee1897c3d9378da0d811347001d328354ea79606d550c1962f8840b2ec441a2d0204e9be465f93081165c77759231618d3036fa956df15b2b61bc14cd4500db58015220b229224ad5d367e63091aa9ed0363dc60e43bbed85ddc2cc16bb65b2df0b152dbb385d94cfb77ff916e02b0251eda7c3fbc5a6fd599f93dcc53557e30ab07f49676bf221fe9d3fe3a3e79ceb660027d42773c381ecdecb3e4982c2b4ba8127ff00472f3b9ed27cea5ef7ef2fed48f1b955d420b250e6910442ab2bed8d555f7c2a9410778095ff00a4ff00e6a7bdf6cf762f4dfdb30afe4c50dfbf1ea1fb628d171e09613a907c584c1f625c47d0fdaca05b00056976c8575fcf07cd92a29131e918b0b2d22fb4b0eb50616f412f20fae42ac9f8e15dbd860e530365f0351d2e0db6c1b605190624d02a08160f9b8520be9174c7509d196002c68531f12f95dc37d92e1dc4b6a74d393a6de32198418f70767c40e157954e0bb3822dc5b9702a2f03b12d976cdb6d0a6d13dc0554aec305c4d756205c7027a21030e82703e18390ef365cbbe2e33b2f87fae077b162cbb38aa970d9f22a556905ae8c269f0508f32c137b0f1517654d063caa2af9d4cf65b5120302a1d11674fb64379406c5a142e59ea8725e420c5c94d4218ce9b236c9c2167a7fdb00d7ef43dacf049d89fc3969977bcb55ff002e0a74c1e72f8813081a3ab5e923179fd61e3afeb122ba3e6b02c12fc65dad7f48d577be81879a5065c8a1b7ed27f9997f7f4915e2537a1f120adf8872bd7edc29feccb58c5975f7cdeabed8ff00df945d0793026eff0069e407d457c48df513ce4cff00b517ebee98ff006404dfb25ffe4856ac033026d3236aa61b79b878661a2486e9e16b10aebecd9404501e062ed1f643a5fba7b08072c9706a5e5d9062c216f4a9b47c71191d65670b9ca2c02ee92e006e8189a00a2bb6a0952df95710890af092c471a5f18c4accb97916f48c320dc3638c1b2687591d93acff00c97515ea0d344ba20c5a867a12ae0c5b20c188bb4b808c0411926968cb5a08cfbcb1d0069b036ce98394418696c3bb25ed450cef9f4376c486c5a977664054ab6a2b50535b65ab65931dc5b7236977007a09695fc50a2ae22dd77b3eb516a15c9ca4e850426f85a1c25eeafc89675f4a0869a5ac095b09a63e80fb10a3cdf130ace14e4076e4af547cb0f2fc62c6eaa3ef6cf85f0a25e1f6c0dca7b0a182571e5963fd542cbcbf29e0ff00da51b77e547d4fda2cff00751f51f69add7db1bfafbe1ff7630621e6f07c69eeaf170aabece2197f6c5f5b8f328062a9f431bbccf0c53b2a6c34617b21e3001ff3473551f304610c6dded72fe008a0e6b046d602ff005fe844b81a61a41a7758f097f27179d4b821dcbb688d280ca42eae220f896ce663d53f44ac7a3dc117275a0747d6520569e562d419d9c0d45f274cbd9a9c04227aec4173c4bb362575516c9e383abe187570786c1580fe717276d49da07eb01d411bd3b474c3d8784bac0b8050d3141789a129bb95e9e9130a834d7019752f2c830d62ec7b8eacf503186cb97176553bc2e440a76963aacd5a40ec8e92cf6e94f8971bda0440dcac1ac028eb645164e815fcc228ab058095fa0218ff003a1e61d6f641a6e38dbb3b2a5dc77835d88483cb21094dc57e187bbf942aff00e6d969e8fed976eafeeb05381fdb0b77ef4f43edc1f3fbf0152df870f1fdf987feae00dff3e5edfe8141830bdcd2c876bf530a35fd66b437b923b69f98fa9fa5236e984bd6c9eac2fb41f740217f7e253fbb0377e5141babfde16deb7d3853740f45469ff2413d3f2e3feeb063bfd44cd210f0c33b8d1897cb043245b502cfee8558522bca1ec1f3090ace9583471d0c5ca605cc165577e23d4db209f128cebdd15ef0732428902b9fa994f9bf700f48fee2030405e23fb9da28e09048ebc7b3ff006169612c3a65ece897f117659113f058c1bd3d00409dafb0e87e62aafea5f64d6b43623a4392eaf69d621b01c2adb74b40f9060d9951226593b97c1661bd45a89f519065b069b20d3e0841a22dc374e068dba877c0db9654b95c6963e31c2f4d13d8ee2237a2e5a52ddca20679d86431497784ca9e29d21c0f1a77060a1f4b7fe90762cbd8393c41f36c55f2dc57ab3bf2cb8d0ab41e5652f836a98b616299d71ea53d1f50ad669890b00d9be51f54ecab3fe4e00ff4e156fd38ff00a5f082788b8d477d87b32211ec61921ecf3ef00ea5f4328ea9fb4b1bbfda3ff4b1a71fdb00dbfda286fef712ebf93295b53dd89aa9daa29d69dd6c588b55690b280cda21dd713d1944daf96054e9b736d7d3d25459fb5c6636209c7ff280d530347fbe7a827e667bfba1972d0b9dff00558dc5b21aeceb1e059597ac1a699d908caae133485ba64d904b48a547b20ea078bf05fe9842a95bd07c93b22e5116532f722c678c8645a62dc1cd9dcbaffebcc23984b9707765d45e2e10b70250b7f3623900969e7dd1a1aa988c21cbbded06a04588a7da1be365a3e486b736c5aa1ac274f376434ce3c6f036d7196f25434125c1dfc2e31d9b534fb9f496c3a034cf55c6ab8f47cfc4d50a0ced9ab066d3f764a712aea2e2f8d2527b92ee280763de10077e81ac3f7c16aae231a5ecb959b2e789715e30ea5d5997008947a73de68e58c8d6ff002a1fec902bafd58d347f61874bfc5977c7fdb2894fde974afe54b09f78e14d97fbb963fdf9ff006f176cb78377c452d935c75fd4e98c7c61e7fd9266057fdf1ad5a3e8c5257f290137f8e2fccc5e048efd994eff00361fe5e02b6b3dfe267b926f163e54cfb3f2e145fdca56e83e48bf8cf6e875b040b2a7de34da24092bc4a200d93354a9dfb216ff0005c722a251e9fcc11b2e7de37e1fcc6f567ee5ce456ff9a0ba7dd1a68fba7fd794bc35295d929d09097700841c3a48ebb507c2ec5a60ec7e6e13b65cce227a30528a2a0735d165b12342f507012ee90053492a8aa38a34022eb5e4480c00085895672b6c2866b2a4f40bb0a0cc20d9b120d4baea79ee2ec599907a08add3d90565a3508bb2c80516f4fa12d9f536a7d8420a82c9da6465200595328541ca60d41e6fc1060e4bde060e4c7a15e0344bb722eecd4c616456eed20bcdb05f2c23a65db92e490ba3b63508551115b810770a993bf16f923e55237ffd0c58a7e8c1bbfa711bfc580bfd19b40ddb0d267eb228d32a3bf9860580fdac07a27ee360c7e58282bfd2c4b2df69676fed3dc7da0aa1fda29b7fb429ba7ed0f53f689297f68518fed1eee0f2c29ec9ea4aa1b30d6931228eddc58312a03c832b2f090005ab15703729598a2327a8810a6cf98431200541eac85c0ff71bb60fb5cb3a1fdcedecc4f8eaa0a27a085276db3ce5b0eed834c1b7255c77d097702e2d93aa970255ab53cca3a6015445462a748b6e71d32a0ec36554f620544bd2541e08afb2c3ac20d77c05cbe08950320ced840ab34b48d76b6ea04ba4583d0f99d15a8c3a4ec95506e56ec318b9044f565d12eca811ee5ecee0437ec91403256cab3218f04f39c2d0b095a3c52351a26ec6532232844da8627a102faa9052b48d07a83b24748e32cc8748814fe2af619d5c12dd748069d8c5db3b976cb1c22118b29025c654ca86875383257d1c847cfdd1474bf9182cdabed714347fb657b5f7614d527ca5017f6e17dcb5f7fa9cd7121bb20f70f897b6afc457db4f50cb36ff0058879bf0655d7d58b6dfeb2a3bfdc829a6153ac857aa7d9818efaf723ff0e0bc4431f420592173f9b31bfe4cf4becca5a7ecca7c1f95126d3f68116bf6c4b6ff00685fd637c87d2d26b514c8d4fbc26618605a3cb01c11f9878e07c1f7ccae411cfb66bfdf0771bf735c3f981cf03e6e638dfb80e6cfbc0df56fde50f632ceec8a7766fa32a8a9d442aa692c4e972df925de5c13d3701ea4ba97ca2825d863ea55a0f0916563e62c2d7e534447d0810eeca67bb44e889680dfa9006140477b837b0822221d216630eed8d8851a09937596b8518cf5835000b02cce9d3292e05192f720d33b4ece02e3c1d70964ecc8e690d6d8619122df5f825facbd82cbc9744bf5d60a4bcd96f3a3c279a188fb0bee4b4abbe635dfaa52dc8af6a7bc5ffe2ca4d7bf582ffeac53b4f932a300f631907fd6cc325724ab701514a049d01963748b368b851949437dfe637ee7d981957f9b67b887c6fed01f1f641755f698d57d90b6e00b5a9f295f80c5d834f461aa423b854dafeb0df930e51356fb447b3919d13020ac2904b686e61854d8023d0c284b3e7086bbb8ef2186f086a94894a2532825842dd0dc3ba78bbcb979c3c179ec8e33ac97e5d834e47a97a7045d832f210778748612f80b2041b68322ecab360d6109de964ba385590279c97083912116ca25cbd8be0e2f278be821d4bc8cbcb65d39516d9753cec32286c0974cbb831c3874b61576da8e89966856e3e65dc6282d8d8997b960b2a16ea1a85885998ecb0c6a00642c4ed9dc34954cba8b9913fa9e6ea2db168e078abc80081502d8992ef18152f65df039b2b8ba25ab9f8c20544896f6caacee2e45cb21ddb2f20ecbb1e46a2c254595c1d644c956eec22e643de2c0a22e43202f2fa9b02fb8c0b6cefac618cbb32ae0d1582c1c6e5c5a25d916e5c18d8f2cd31ee3841b2c8352e88378e307dde170d21d465646906c9670f509550ea3cd516d4bb605e9c269108dfc92acb78e9d86372bcedc1af72788b7d41d832ed8b5c2640a864cbd3821b136044b36af8d2751720cb8f51cef65ee4bd973b8146c70beef85bea0ee4bc875b9136746433ae2ea57994166ced97b1a3c0d12e9bee2d13b7c8ceca20d71db44595b92a2d7f920b18b72eea5cc1c9dc1f0c516770618c309e6d9ef16fa9e360ecbb605cea1d45e1ce0d2b834d950632e8ae1698753ce47ad8352e5cbb8b12a5d750c6d8fa92f861165d92ab8e88c4ad20592a887552eb1971dea094f96765b2b205461df1e2a01508b6ec54866b30d3716385c1bd22592e9b3a963120d6372f720ed306bac23690688344515c7e58860e5f5173604aa972ea0c1cb8304b8eb6116a0ed92d48392e0db3cdebc79be2e898952ea2c5b723d4183784ba83bb2e9f51979991699df5d909d632a997061dc31d9eecbd8c3b8b90f7d65cba8c4db877c33b3860d4761c751819ac5db278b8279c6089a5245b289de1d9e5616b4d353a36995f025f82e745bdcac21dd85f186b431ef2175b0b20e6d5c0a62cef23a62a3d58af48392b612ee0ecb9744ee03d4d816410ea5d10deaa078656f0f53c0393b7212b6e0d460644a738ab611965df986b02a5106a5cb8372d191795a8ba1c2dcbbf748776c274ec5a9752f2af81d8b72a8bee5cd19d9acbe561dcbd8bb2b212b76192aae7a2471b3a655b72f69b8b52ee746c71b8bb2b3613a642b8ecabd606454c54cd3054ba86f792ae3183b8e30688b531b2afb0830e7b2e1c0d312e0d458ec4a38ba95bb084b9550836ceb8bda320d12a19841beca874f03c2d13a5e541168e2e11ea5bc2240ad6092e3de4bca8e4a844ca277dc3b9558814cb60e593cd1acba6d9757e2e2d3c185bd41dda8b99a302e551516cc86e5c23adea5b57b50ef22ed41b84c298c36591534c3b834533cdcbb722ed40a84371762d33a8296cbc836c0da9d144aad9d25cdb896593a657173ae02a0b16f9b12e0e5116764ba25d6c5b53d12a5cf19137255c3a95b7c0ec597c86d3a4ba605b2e0d12f20d13e274951321ddedc5a8131d7447d486b22dba4082d70dc62e41b6ba583b4cba6cc22d85c0dccb9e40ea220c5c4ea0277552ad98878677d8a8bf04764558f506ee56d909d36ce99e63ac0ce47c12e9e8cbbeea0dcba974864b837bd32ed9e29e1869069b611517069b816c381a894d9841e0e2ecc83716a0c1b85c8b1d762ab06b25dc56e1d6c0e1eb6744ecd982699d152ee092e89772e0ecab2ced8188c1dc87764c34542e2e9516fcdce8a9e6c83b6f4c6c279dc97454f768676e4608b4c8ed710d9aeb26615106cc9e606d4e986b3a25ec19860dc7da08c38edf460536458751d8631760de3c1dcab836e4a84ef59f102e1eac59d32e8aee5d3706e78a211125c0a322cbc8907c9cd66caa9744082e0e511299d92bc9ac197445d8b907c907cb2f362d3ed2e2b74c3bcaa8322ce0eb1976d32e9a6948c443d522d106cc861ba4eb08166c095d087502b91580437c58f937121ea8c5cd979025d77c2f0c3483906fa9706e1ac20cf364ee5cebb84349545193cebc2d4c49790d27995c25e91d45be0638df707783b7c4abe0ee5cab21621dc638ce8b8e39c55371d674c162b0976d1916bdc8c18a7821eda45b9640db593a86a8c97bb176559b28eb48436838302fd497b2eb19a2d8292a7a5ea6260d976ef44ba22c2264aa20a1b0325815d4ece16dd834ef517817c30e6f918b03c92e8b5b83b176295b013bd20512b8ba83443a832a54ad8a99590612ad8ef72932a0d422d43083508973cfa92bcb16765f640b8bb1d95b9138ba38158fa3045bbd62dc15682a3b16c9ac26b5a8f718b4589930555dc0ac75834be0834fa0c3a89e7c30837d43b949a323ba451ef138204b2ef873497e6e2c2143a8f44197e36d83918bb2dc61160e6eb0b2871dcf3b06e3a64b834c5b65c30a36a1dc719594f033a72e7646256912c49440b9e73a974ecbb834cbaefa7857a2a1b16a0d32e3dd93b660d3065e41b5f151b3d54ba2f875cc9d18dc5c888653036ded9ffd9);

-- --------------------------------------------------------

--
-- Table structure for table `booked`
--

CREATE TABLE `booked` (
  `booked_id` int(11) NOT NULL,
  `postad_id` int(11) NOT NULL,
  `client_id` int(11) NOT NULL,
  `date` datetime NOT NULL DEFAULT CURRENT_TIMESTAMP,
  `start_date` date NOT NULL,
  `end_date` date NOT NULL
) ENGINE=InnoDB DEFAULT CHARSET=latin1;

--
-- Dumping data for table `booked`
--

INSERT INTO `booked` (`booked_id`, `postad_id`, `client_id`, `date`, `start_date`, `end_date`) VALUES
(17, 48, 10, '2019-09-15 20:30:44', '2019-09-15', '2019-09-15'),
(18, 51, 13, '2019-09-18 00:54:49', '2019-09-19', '2019-09-22');

-- --------------------------------------------------------

--
-- Table structure for table `feedback`
--

CREATE TABLE `feedback` (
  `feedback_id` int(11) NOT NULL,
  `user_id` int(11) NOT NULL,
  `postad_id` int(11) NOT NULL,
  `comment` text NOT NULL,
  `date` datetime NOT NULL DEFAULT CURRENT_TIMESTAMP
) ENGINE=InnoDB DEFAULT CHARSET=latin1;

--
-- Dumping data for table `feedback`
--

INSERT INTO `feedback` (`feedback_id`, `user_id`, `postad_id`, `comment`, `date`) VALUES
(8, 6, 48, 'Comfortable....', '2019-09-15 00:00:11'),
(9, 6, 48, 'hudai', '2019-09-15 20:21:12'),
(10, 8, 48, 'valoi', '2019-09-15 20:21:12'),
(11, 10, 50, 'dsfjoisdj', '2019-09-15 21:50:23'),
(12, 13, 51, 'Good', '2019-09-18 00:56:34');

-- --------------------------------------------------------

--
-- Table structure for table `pending_post`
--

CREATE TABLE `pending_post` (
  `pending_post_id` int(11) NOT NULL,
  `user_id` int(11) NOT NULL,
  `title` varchar(100) NOT NULL,
  `size` varchar(16) NOT NULL,
  `description` text NOT NULL,
  `category` varchar(28) NOT NULL,
  `Location` text NOT NULL,
  `price` float NOT NULL,
  `pic` varchar(255) NOT NULL,
  `date` timestamp NOT NULL DEFAULT CURRENT_TIMESTAMP ON UPDATE CURRENT_TIMESTAMP,
  `report_type` varchar(100) DEFAULT NULL
) ENGINE=InnoDB DEFAULT CHARSET=latin1;

--
-- Dumping data for table `pending_post`
--

INSERT INTO `pending_post` (`pending_post_id`, `user_id`, `title`, `size`, `description`, `category`, `Location`, `price`, `pic`, `date`, `report_type`) VALUES
(2, 8, 'Sherwani', 'Large', 'Nice, Comfortably wear....made with best febrics....', 'gents', 'Dhanmondi', 1500, 'uploads/1568527245.jpg', '2019-09-15 06:07:31', 'request cancel'),
(9, 13, 'Shirt', 'Medium', 'Formal Shirt.', 'gents', 'Azimpur', 200, 'uploads/1568746221.jpg', '2019-09-17 18:50:41', 'request cancel');

-- --------------------------------------------------------

--
-- Table structure for table `postad`
--

CREATE TABLE `postad` (
  `postad_id` int(11) NOT NULL,
  `user_id` int(11) NOT NULL,
  `title` varchar(100) NOT NULL,
  `size` varchar(20) NOT NULL,
  `description` text NOT NULL,
  `category` varchar(20) NOT NULL,
  `location` text NOT NULL,
  `price` varchar(10) NOT NULL,
  `pic` varchar(255) NOT NULL,
  `date` timestamp NOT NULL DEFAULT CURRENT_TIMESTAMP ON UPDATE CURRENT_TIMESTAMP,
  `status` int(11) NOT NULL DEFAULT '1'
) ENGINE=InnoDB DEFAULT CHARSET=latin1;

--
-- Dumping data for table `postad`
--

INSERT INTO `postad` (`postad_id`, `user_id`, `title`, `size`, `description`, `category`, `location`, `price`, `pic`, `date`, `status`) VALUES
(48, 7, 'Shari', 'Medium', 'Gorgeous look and nice design.', 'gents', 'Azimpur', '1000', 'uploads/1568483737.jpg', '2019-09-17 18:54:22', 0),
(49, 8, 'Sherwani', 'Large', 'Nice, Comfortably wear....made with best febrics....', 'gents', 'Dhanmondi', '1500', 'uploads/1568527668.jpg', '2019-09-17 19:23:57', 0),
(50, 10, 'Birthday Dress', 'Small', 'around 10 years girl can wear this gown...white color..', 'girls', 'Fakirapool', '1200', 'uploads/1568537467.jpg', '2019-09-15 13:50:47', 0),
(51, 7, 'Gown', 'Large', 'nice look, light weight, easy to wear.....', 'ladies', 'Farmgate', '800', 'uploads/1568609165.jpg', '2019-09-17 18:54:26', 0),
(53, 8, 'Sherwani', 'Medium', 'xosssssssssss.....xosssss brooo', 'ladies', 'Gulistan', '1500', 'uploads/1568538964.jpg', '2019-09-17 19:24:01', 0),
(54, 11, 'Sharee', 'Large', 'Its purchase from south India...Design with  stone...', 'ladies', 'Badda', '3000', 'uploads/1568583125.jpg', '2019-09-17 19:03:04', 1),
(55, 8, 'Hubsch Gowns', 'Large', 'Hubsch Beads Beautiful Prom Party wear Dress', 'girls', 'Azimpur', '800', 'uploads/1568748191.png', '2019-09-17 19:24:03', 0),
(57, 8, 'Suit', 'Medium', 'Smart', 'gents', 'Dhanmondi', '500', 'uploads/1568747861.jpg', '2019-09-17 19:23:48', 1),
(58, 13, 'Lightening', 'Double XL', 'Lightening around full house. Gate also.', 'gents', 'Dhanmondi', '1000', 'uploads/1568748776.jpeg', '2019-09-17 19:33:13', 1);

-- --------------------------------------------------------

--
-- Table structure for table `prebooking`
--

CREATE TABLE `prebooking` (
  `prebooking_id` int(11) NOT NULL,
  `postad_id` int(11) NOT NULL,
  `user_id` int(11) NOT NULL,
  `date` datetime NOT NULL DEFAULT CURRENT_TIMESTAMP,
  `status` int(11) DEFAULT '1',
  `start_date` date NOT NULL,
  `end_date` date NOT NULL
) ENGINE=InnoDB DEFAULT CHARSET=latin1;

--
-- Dumping data for table `prebooking`
--

INSERT INTO `prebooking` (`prebooking_id`, `postad_id`, `user_id`, `date`, `status`, `start_date`, `end_date`) VALUES
(2, 49, 10, '2019-09-15 19:29:43', 1, '2019-09-15', '2019-12-15'),
(7, 51, 8, '2019-09-16 22:10:41', 1, '2019-09-16', '2019-09-16'),
(9, 50, 13, '2019-09-18 00:57:36', 1, '2019-09-17', '2019-09-17');

-- --------------------------------------------------------

--
-- Table structure for table `user`
--

CREATE TABLE `user` (
  `user_id` int(11) NOT NULL,
  `user_name` varchar(100) NOT NULL,
  `email` varchar(40) NOT NULL,
  `password` varchar(16) NOT NULL,
  `phone` varchar(32) NOT NULL,
  `address` text NOT NULL,
  `file` blob NOT NULL
) ENGINE=InnoDB DEFAULT CHARSET=latin1;

--
-- Dumping data for table `user`
--

INSERT INTO `user` (`user_id`, `user_name`, `email`, `password`, `phone`, `address`, `file`) VALUES
(6, 'anik', 'mehedi694@diu.edu.bd', 'asdf', '23456456', 'tyjhd', 0x7570646174655f70726f66696c652e64726177696f),
(7, 'Sami', 'sufians114@gmail.com', '4321', '1243214', 'fdsgvfdvfd', 0x766965775f7061796d656e745f73657175656e63652e706e67),
(8, 'sumon', 'sumon.s24@gmail.com', 'sumon', '017777777777', 'Farmgate', 0x57494e5f32303139303630365f31335f33345f31365f50726f2e6a7067),
(10, 'Sa_Mi', 'sami35-1197@diu.edu.bd', 'sami', '0188888888888', 'Arambagh', 0x6572696b2d6d636c65616e2d65513776384134396f56732d756e73706c6173682e6a7067),
(11, 'Arnob', 'hackedarnob@gmail.com', 'arnob', '0133333333333', 'Raza Bazar, Tejgoan', 0x35353836353235355f323236393133323836363734303536385f363032323632363234303233323432333432345f6e2e6a7067),
(12, 'Nusrat', 'momo.nusrat@gmail.com', 'momo', '0111111111', 'dfgh', 0x626c7573682d70696e6b2d666c6f7765722d6769726c732d647265737365732d6c6f6e672d736c65657665732e6a7067),
(13, 'Sabbir Ahammed', 'xdxsabbir@gmail.com', '123456', '01681561869', 'East Rajabazar, Sher-E-Bangla', 0x494d475f303035332e4a5047);

--
-- Indexes for dumped tables
--

--
-- Indexes for table `admin`
--
ALTER TABLE `admin`
  ADD PRIMARY KEY (`admin_id`);

--
-- Indexes for table `booked`
--
ALTER TABLE `booked`
  ADD PRIMARY KEY (`booked_id`),
  ADD KEY `postad_id` (`postad_id`),
  ADD KEY `client_id` (`client_id`);

--
-- Indexes for table `feedback`
--
ALTER TABLE `feedback`
  ADD PRIMARY KEY (`feedback_id`),
  ADD KEY `user_id` (`user_id`),
  ADD KEY `postad_id` (`postad_id`);

--
-- Indexes for table `pending_post`
--
ALTER TABLE `pending_post`
  ADD PRIMARY KEY (`pending_post_id`),
  ADD KEY `user_id` (`user_id`);

--
-- Indexes for table `postad`
--
ALTER TABLE `postad`
  ADD PRIMARY KEY (`postad_id`),
  ADD KEY `user_id` (`user_id`);

--
-- Indexes for table `prebooking`
--
ALTER TABLE `prebooking`
  ADD PRIMARY KEY (`prebooking_id`),
  ADD KEY `user_id` (`user_id`),
  ADD KEY `postad_id` (`postad_id`);

--
-- Indexes for table `user`
--
ALTER TABLE `user`
  ADD PRIMARY KEY (`user_id`);

--
-- AUTO_INCREMENT for dumped tables
--

--
-- AUTO_INCREMENT for table `admin`
--
ALTER TABLE `admin`
  MODIFY `admin_id` int(11) NOT NULL AUTO_INCREMENT, AUTO_INCREMENT=2;

--
-- AUTO_INCREMENT for table `booked`
--
ALTER TABLE `booked`
  MODIFY `booked_id` int(11) NOT NULL AUTO_INCREMENT, AUTO_INCREMENT=19;

--
-- AUTO_INCREMENT for table `feedback`
--
ALTER TABLE `feedback`
  MODIFY `feedback_id` int(11) NOT NULL AUTO_INCREMENT, AUTO_INCREMENT=13;

--
-- AUTO_INCREMENT for table `pending_post`
--
ALTER TABLE `pending_post`
  MODIFY `pending_post_id` int(11) NOT NULL AUTO_INCREMENT, AUTO_INCREMENT=10;

--
-- AUTO_INCREMENT for table `postad`
--
ALTER TABLE `postad`
  MODIFY `postad_id` int(11) NOT NULL AUTO_INCREMENT, AUTO_INCREMENT=60;

--
-- AUTO_INCREMENT for table `prebooking`
--
ALTER TABLE `prebooking`
  MODIFY `prebooking_id` int(11) NOT NULL AUTO_INCREMENT, AUTO_INCREMENT=10;

--
-- AUTO_INCREMENT for table `user`
--
ALTER TABLE `user`
  MODIFY `user_id` int(11) NOT NULL AUTO_INCREMENT, AUTO_INCREMENT=14;

--
-- Constraints for dumped tables
--

--
-- Constraints for table `booked`
--
ALTER TABLE `booked`
  ADD CONSTRAINT `booked_ibfk_1` FOREIGN KEY (`postad_id`) REFERENCES `postad` (`postad_id`),
  ADD CONSTRAINT `booked_ibfk_2` FOREIGN KEY (`client_id`) REFERENCES `user` (`user_id`);

--
-- Constraints for table `feedback`
--
ALTER TABLE `feedback`
  ADD CONSTRAINT `feedback_ibfk_1` FOREIGN KEY (`user_id`) REFERENCES `user` (`user_id`),
  ADD CONSTRAINT `feedback_ibfk_2` FOREIGN KEY (`postad_id`) REFERENCES `postad` (`postad_id`);

--
-- Constraints for table `pending_post`
--
ALTER TABLE `pending_post`
  ADD CONSTRAINT `pending_post_ibfk_1` FOREIGN KEY (`user_id`) REFERENCES `user` (`user_id`);

--
-- Constraints for table `postad`
--
ALTER TABLE `postad`
  ADD CONSTRAINT `postad_ibfk_1` FOREIGN KEY (`user_id`) REFERENCES `user` (`user_id`);

--
-- Constraints for table `prebooking`
--
ALTER TABLE `prebooking`
  ADD CONSTRAINT `prebooking_ibfk_2` FOREIGN KEY (`user_id`) REFERENCES `user` (`user_id`),
  ADD CONSTRAINT `prebooking_ibfk_3` FOREIGN KEY (`postad_id`) REFERENCES `postad` (`postad_id`);
COMMIT;

/*!40101 SET CHARACTER_SET_CLIENT=@OLD_CHARACTER_SET_CLIENT */;
/*!40101 SET CHARACTER_SET_RESULTS=@OLD_CHARACTER_SET_RESULTS */;
/*!40101 SET COLLATION_CONNECTION=@OLD_COLLATION_CONNECTION */;
